id,material_id,ori_title,creative_id_image,creative_id_brand,creative_id_price,creative_id_promotion,level_one_category_name,is_white_image,candidate_group,candidate_group_cn,expected_best_image_route,candidate_score,selection_reason,source_table
1562711,102386,【晒单返20/国家补贴15%】Apple/苹果 iPad 11 A16芯片2025新款11代平板电脑学习官方正品旗舰 国家补贴,https://img.alicdn.com/bao/uploaded/O1CN01ThpEs71f96f0lcakM_!!6000000003963-0-yinhe.jpg,Apple/苹果,4599,满4899减300,平板电脑/MID,1,utilitarian_symbolic,实用+symbolic,symbolic,90,工具/科技/创作相关品类；产品可标记专业、创作、技术或玩家身份；标题含专业/旗舰/创作身份线索,raw_catalog
1563108,102386,【国补可叠加教育优惠】Apple/苹果 iPad mini 7代 (A17 Pro)  8.3英寸 2024年新款平板电脑 绘图 网课,https://img.alicdn.com/bao/uploaded/O1CN01DoumlJ1L08ZpC7O3u_!!6000000001236-0-yinhe.jpg,Apple/苹果,3999,,平板电脑/MID,1,utilitarian_symbolic,实用+symbolic,symbolic,90,工具/科技/创作相关品类；产品可标记专业、创作、技术或玩家身份；标题含专业/旗舰/创作身份线索,raw_catalog
14405,110046,【政府补贴15%】Huawei/华为 MatePad Pro 11 平板电脑 超轻薄设计 120Hz OLED原色全面屏,https://img.alicdn.com/bao/uploaded/O1CN01UQ0uUg1yjGcEP9jNo_!!6000000006614-0-yinhe.jpg,Huawei/华为,3299,直降1400元,平板电脑/MID,1,utilitarian_symbolic,实用+symbolic,symbolic,90,工具/科技/创作相关品类；产品可标记专业、创作、技术或玩家身份；标题含专业/旗舰/创作身份线索,raw_catalog
1562606,102386,【晒单返30/国家补贴15%】Apple/苹果 iPhone 16 Plus手机 A18芯片原封国行官方旗舰店苹果手机 国家补贴,https://img.alicdn.com/bao/uploaded/O1CN014GMAeC1YqQksOM9i2_!!6000000003110-0-yinhe.jpg,Apple/苹果,5999,,手机,1,utilitarian_symbolic,实用+symbolic,symbolic,90,工具/科技/创作相关品类；产品可标记专业、创作、技术或玩家身份；标题含专业/旗舰/创作身份线索,raw_catalog
1562988,102386,【需现场签收激活】Apple/苹果 iPhone 16 Pro Max 官方正品5G全新2024新款移动官旗旗舰店全网通手机,https://img.alicdn.com/bao/uploaded/O1CN01KUUVIE1ig213qpWY4_!!6000000004441-0-yinhe.jpg,Apple/苹果,10599,满7999减1400,手机,1,utilitarian_symbolic,实用+symbolic,symbolic,90,工具/科技/创作相关品类；产品可标记专业、创作、技术或玩家身份；标题含专业/旗舰/创作身份线索,raw_catalog
1563143,102386,【政府补贴500元/顺丰速发】Apple/苹果 iPhone 16e 新款 5G手机全新原封国行官方正品旗舰店优惠直降 国补,https://img.alicdn.com/bao/uploaded/O1CN01mCiB7B1XQx9rNecq7_!!6000000002919-0-yinhe.jpg,Apple/苹果,4499,,手机,1,utilitarian_symbolic,实用+symbolic,symbolic,90,工具/科技/创作相关品类；产品可标记专业、创作、技术或玩家身份；标题含专业/旗舰/创作身份线索,raw_catalog
1565591,102386,【至高立减1300/顺丰速发】Apple/苹果 iPhone 16 Pro 新款5G手机 国行原封 官方网正品旗舰店 活动优惠直降,https://img.alicdn.com/bao/uploaded/O1CN01f3PZwg1qKWJPEwcm4_!!6000000005477-2-yinhe.png,Apple/苹果,7799,补贴200元,手机,1,utilitarian_symbolic,实用+symbolic,symbolic,90,工具/科技/创作相关品类；产品可标记专业、创作、技术或玩家身份；标题含专业/旗舰/创作身份线索,raw_catalog
1562421,102386,【政府补贴15%】HUAWEI Mate 70 Pro 优享版 鸿蒙AI红枫原色影像超可靠玄武架构华为鸿蒙智能手机,https://img.alicdn.com/bao/uploaded/O1CN01QaGH5z1azi4JXQ8Vq_!!6000000003401-0-yinhe.jpg,Huawei/华为,6137,补贴62元,手机,1,utilitarian_symbolic,实用+symbolic,symbolic,90,工具/科技/创作相关品类；产品可标记专业、创作、技术或玩家身份；标题含专业/旗舰/创作身份线索,raw_catalog
1562579,102386,【优惠300元 可叠国家补贴】华为nova 14 Pro多焦段红枫质感人像北斗卫星图片消息华为官方旗舰店智能手机,https://img.alicdn.com/bao/uploaded/O1CN01LZlFIh1HCj1rt52p0_!!6000000000722-0-yinhe.jpg,Huawei/华为,3199,满3499减300,手机,1,utilitarian_symbolic,实用+symbolic,symbolic,90,工具/科技/创作相关品类；产品可标记专业、创作、技术或玩家身份；标题含专业/旗舰/创作身份线索,raw_catalog
1562680,102386,【优惠1000元】HUAWEI Mate 70 RS丨 ULTIMATE DESIGN非凡大师华为官方旗舰店鸿蒙智能手机,https://img.alicdn.com/bao/uploaded/O1CN01MU8O1E1vGSuaGuFaC_!!6000000006145-0-yinhe.jpg,Huawei/华为,10999,满10000减1000,手机,1,utilitarian_symbolic,实用+symbolic,symbolic,90,工具/科技/创作相关品类；产品可标记专业、创作、技术或玩家身份；标题含专业/旗舰/创作身份线索,raw_catalog
1563192,102386,【优惠400元 可叠国家补贴】HUAWEI Mate 70鸿蒙AI红枫原色影像北斗卫星消息华为官方旗舰店鸿蒙智能手机,https://img.alicdn.com/bao/uploaded/O1CN01auBYb61tQQF3jzYaP_!!6000000005896-0-yinhe.jpg,Huawei/华为,5099,满5000减400,手机,1,utilitarian_symbolic,实用+symbolic,symbolic,90,工具/科技/创作相关品类；产品可标记专业、创作、技术或玩家身份；标题含专业/旗舰/创作身份线索,raw_catalog
1565581,102386,【12期免息】HUAWEI Pura X 1610阔型屏鸿蒙操作系统5红枫原色影像华为官方旗舰店折叠屏手机鸿蒙智能手机,https://img.alicdn.com/bao/uploaded/O1CN01FSYDaq1PuhykYPzXq_!!6000000001901-0-yinhe.jpg,Huawei/华为,7499,,手机,1,utilitarian_symbolic,实用+symbolic,symbolic,90,工具/科技/创作相关品类；产品可标记专业、创作、技术或玩家身份；标题含专业/旗舰/创作身份线索,raw_catalog
12625,110046,【可用政府补贴省15%】Xiaomi/小米15 手机新品上市小米官方旗舰店小米15官网正品小米手机小米15系列骁龙芯,https://img.alicdn.com/bao/uploaded/O1CN01bRG9ZM1KBkzKADopW_!!6000000001126-0-yinhe.jpg,MIUI/小米,3999,满4699减100,手机,1,utilitarian_symbolic,实用+symbolic,symbolic,90,工具/科技/创作相关品类；产品可标记专业、创作、技术或玩家身份；标题含专业/旗舰/创作身份线索,raw_catalog
1555117,102386,【享24期免息】Xiaomi MIX Flip2新品折叠屏手机小米mixflip2小米官方旗舰店徕卡光学影像,https://img.alicdn.com/bao/uploaded/O1CN01DZQOZI1yA09yxaqGU_!!6000000006537-0-yinhe.jpg,MIUI/小米,5999,,手机,1,utilitarian_symbolic,实用+symbolic,symbolic,90,工具/科技/创作相关品类；产品可标记专业、创作、技术或玩家身份；标题含专业/旗舰/创作身份线索,raw_catalog
1562954,102386,【24期免息】小米15Ultra手机新品小米手机徕卡联合研发小米官方旗舰店小米澎湃OS高通骁龙8至尊版,https://img.alicdn.com/bao/uploaded/O1CN01Sg3zw827fRtl4Vwkl_!!6000000007824-0-yinhe.jpg,MIUI/小米,6499,,手机,1,utilitarian_symbolic,实用+symbolic,symbolic,90,工具/科技/创作相关品类；产品可标记专业、创作、技术或玩家身份；标题含专业/旗舰/创作身份线索,raw_catalog
65107,null,【自营】【国补】佳能EOS R8 全画幅专业数码微单相机 单机/套机,https://img.alicdn.com/bao/uploaded/O1CN01NLBNj11VbpLLObHgG_!!6000000002672-0-yinhe.jpg,Canon/佳能,10899,每件直降1100元,数码相机/单反相机/摄像机,1,utilitarian_symbolic,实用+symbolic,symbolic,90,工具/科技/创作相关品类；产品可标记专业、创作、技术或玩家身份；标题含专业/旗舰/创作身份线索,raw_catalog
40322,"6,110,046",【政府补贴15%】DJI Osmo Action 5 Pro 运动相机 4K旗舰画质旅拍,https://img.alicdn.com/bao/uploaded/O1CN01vMkMAC1EsudGP7T5C_!!6000000000408-0-yinhe.jpg,DJI/大疆,3298,,数码相机/单反相机/摄像机,1,utilitarian_symbolic,实用+symbolic,symbolic,90,工具/科技/创作相关品类；产品可标记专业、创作、技术或玩家身份；标题含专业/旗舰/创作身份线索,raw_catalog
50958,null,Sony/索尼 FE 24-70mm F2.8 GM II全画幅变焦G大师镜头SEL2470GM2,https://img.alicdn.com/bao/uploaded/O1CN01bsHySR1Y5i8T2aWTM_!!6000000003008-0-yinhe.jpg,Sony/索尼,13611,满1000减50,数码相机/单反相机/摄像机,1,utilitarian_symbolic,实用+symbolic,symbolic,90,工具/科技/创作相关品类；产品可标记专业、创作、技术或玩家身份；标题含专业/旗舰/创作身份线索,raw_catalog
62839,null,Sony索尼 FE 35mm F1.4 GM 全画幅G大师镜头 SEL35F14GM,https://img.alicdn.com/bao/uploaded/O1CN01aMRExV1fTi7NeVDVG_!!6000000004008-0-yinhe.jpg,Sony/索尼,10047,满1000减50,数码相机/单反相机/摄像机,1,utilitarian_symbolic,实用+symbolic,symbolic,90,工具/科技/创作相关品类；产品可标记专业、创作、技术或玩家身份；标题含专业/旗舰/创作身份线索,raw_catalog
43736,null,云犀智瞳pro直播相机专业4K高清单反相机直播娱乐带货全套设备,https://img.alicdn.com/bao/uploaded/O1CN01KmOJqb26TFZk1E6S6_!!6000000007662-0-yinhe.jpg,云犀,5049,1件减1000元,数码相机/单反相机/摄像机,1,utilitarian_symbolic,实用+symbolic,symbolic,90,工具/科技/创作相关品类；产品可标记专业、创作、技术或玩家身份；标题含专业/旗舰/创作身份线索,raw_catalog
43751,null,云犀S7专业高清直播相机带货娱乐全套设备单反相机电脑直播专用,https://img.alicdn.com/bao/uploaded/O1CN01OxS5DT1xwid5jZGF7_!!6000000006508-0-yinhe.jpg,云犀,4999,1件减1000元,数码相机/单反相机/摄像机,1,utilitarian_symbolic,实用+symbolic,symbolic,90,工具/科技/创作相关品类；产品可标记专业、创作、技术或玩家身份；标题含专业/旗舰/创作身份线索,raw_catalog
13915,110046,【政府补贴15%】大疆 DJI Mavic 3 Pro 御3三摄旗舰航拍机  超稳图传高清专业大师版航拍器 大疆无人机,https://img.alicdn.com/bao/uploaded/O1CN01zhxyaX24mpOGm3qmS_!!6000000007434-0-yinhe.jpg,DJI/大疆,15919,,智能设备,1,utilitarian_symbolic,实用+symbolic,symbolic,90,工具/科技/创作相关品类；产品可标记专业、创作、技术或玩家身份；标题含专业/旗舰/创作身份线索,raw_catalog
26328,110046,大疆 DJI Mavic 3 Pro 御3三摄旗舰航拍机 DJI Mavic 3 Pro Cine 高清专业大师版航拍器 大疆无人机,https://img.alicdn.com/bao/uploaded/O1CN01sMwK441ZlDtTjUIwv_!!6000000003234-0-yinhe.jpg,DJI/大疆,15919,,智能设备,1,utilitarian_symbolic,实用+symbolic,symbolic,90,工具/科技/创作相关品类；产品可标记专业、创作、技术或玩家身份；标题含专业/旗舰/创作身份线索,raw_catalog
27280,"6,110,046",【政府补贴15%】大疆 DJI Mini 4 Pro 全能迷你航拍机 入门级无人机 高清专业无损竖拍 全向主动避障拍摄,https://img.alicdn.com/bao/uploaded/O1CN01TRBTYs1PmSp1Qn2To_!!6000000001883-0-yinhe.jpg,DJI/大疆,4309,,智能设备,1,utilitarian_symbolic,实用+symbolic,symbolic,90,工具/科技/创作相关品类；产品可标记专业、创作、技术或玩家身份；标题含专业/旗舰/创作身份线索,raw_catalog
41433,6,大疆 DJI Air 3S 双摄旗舰航拍无人机专业高清全向主动避障跟拍机,https://img.alicdn.com/bao/uploaded/O1CN013rCPUO1p9hJTC2hFr_!!6000000005318-0-yinhe.jpg,DJI/大疆,6988,,智能设备,1,utilitarian_symbolic,实用+symbolic,symbolic,90,工具/科技/创作相关品类；产品可标记专业、创作、技术或玩家身份；标题含专业/旗舰/创作身份线索,raw_catalog
62252,null,明基PD2705U显示器27英寸4K专业设计Mac苹果5K修图typec护眼屏幕,https://img.alicdn.com/bao/uploaded/O1CN01R5piRp22iaH7PfwhQ_!!6000000007154-0-yinhe.jpg,Benq/明基,3699,满3599减100,电脑硬件/显示器/电脑周边,1,utilitarian_symbolic,实用+symbolic,symbolic,90,工具/科技/创作相关品类；产品可标记专业、创作、技术或玩家身份；标题含专业/旗舰/创作身份线索,raw_catalog
61495,null,12期分期免息】盈通AMD9070/9070XT樱瞳花嫁水着设计独立游戏显卡,https://img.alicdn.com/bao/uploaded/O1CN01Ik7tPl1o4pVYPcrJJ_!!6000000005172-0-yinhe.jpg,yeston/盈通,5299,官方立减500元,电脑硬件/显示器/电脑周边,1,utilitarian_symbolic,实用+symbolic,symbolic,90,工具/科技/创作相关品类；产品可标记专业、创作、技术或玩家身份；标题含专业/旗舰/创作身份线索,raw_catalog
61932,6,（政府补贴20%）Acer宏碁新品暗影骑士擎7  2025款酷睿i7 5060满血独显大学生游戏本办公设计电竞笔记本电脑,https://img.alicdn.com/bao/uploaded/O1CN01YYxeTM1JBTA73f3ps_!!6000000000990-0-yinhe.jpg,Acer/宏碁,8749,限时优惠250元,笔记本电脑,1,utilitarian_symbolic,实用+symbolic,symbolic,90,工具/科技/创作相关品类；产品可标记专业、创作、技术或玩家身份；标题含专业/旗舰/创作身份线索,raw_catalog
1562842,102386,【限时直降300元】华硕天选4 AMD锐龙版R7 7735H/RTX4050 15.6英寸游戏本电脑RTX4050电竞学生手提办公设计本,https://img.alicdn.com/bao/uploaded/O1CN01zzM6Ow1bQjP8bU7Hf_!!6000000003460-0-yinhe.jpg,Asus/华硕,5599,喵速达直降500元,笔记本电脑,1,utilitarian_symbolic,实用+symbolic,symbolic,90,工具/科技/创作相关品类；产品可标记专业、创作、技术或玩家身份；标题含专业/旗舰/创作身份线索,raw_catalog
1563080,102386,【政府补贴20%】华硕天选6 Pro高性能Ultra英特尔酷睿HX RTX5060游戏本16英寸电竞笔记本电脑RTX5070学生设计,https://img.alicdn.com/bao/uploaded/i4/2213856588863/O1CN01hkY10e2FLJIOPA15M_!!2-item_pic.png,Asus/华硕,8199,喵速达直降600元,笔记本电脑,1,utilitarian_symbolic,实用+symbolic,symbolic,90,工具/科技/创作相关品类；产品可标记专业、创作、技术或玩家身份；标题含专业/旗舰/创作身份线索,raw_catalog
57485,null,【政府补贴20%】华硕天选5 AMD锐龙R7 8845H 15.6英寸AI游戏本笔记本电脑RTX4060电竞本学生设计本,https://img.alicdn.com/bao/uploaded/O1CN01307BAn1Q7X47hW3GU_!!6000000001929-0-yinhe.jpg,Asus/华硕,6599,,笔记本电脑,1,utilitarian_symbolic,实用+symbolic,symbolic,90,工具/科技/创作相关品类；产品可标记专业、创作、技术或玩家身份；标题含专业/旗舰/创作身份线索,raw_catalog
65594,null,【政府补贴20%】ROG幻16 Air 2025 酷睿U9 285H 16英寸 2.5K星云屏设计师轻薄游戏华硕笔记本电脑5080显卡,https://img.alicdn.com/bao/uploaded/O1CN01F4A9mw1Dd3JAl7xAf_!!6000000000238-0-yinhe.jpg,Asus/华硕,15999,,笔记本电脑,1,utilitarian_symbolic,实用+symbolic,symbolic,90,工具/科技/创作相关品类；产品可标记专业、创作、技术或玩家身份；标题含专业/旗舰/创作身份线索,raw_catalog
14954,110046,【政府补贴立减20%】HP惠普光影精灵10/暗影英特尔酷睿i7 RTX4060设计学习办公游戏笔记本电脑官方旗舰店官网,https://img.alicdn.com/bao/uploaded/O1CN01vMsoHm1c5UWzuXod1_!!6000000003549-0-yinhe.jpg,HP/惠普,5499,,笔记本电脑,1,utilitarian_symbolic,实用+symbolic,symbolic,90,工具/科技/创作相关品类；产品可标记专业、创作、技术或玩家身份；标题含专业/旗舰/创作身份线索,raw_catalog
1563868,102386,【国家补贴20%+400补贴】联想ThinkBook16p AMD锐龙R9-8945HX  RTX5060独显 2.5K学生办公设计笔记本电脑,https://img.alicdn.com/bao/uploaded/O1CN01hOujtQ1T09XIwfzQQ_!!6000000002319-0-yinhe.jpg,ThinkPad,8999,满5000减500,笔记本电脑,1,utilitarian_symbolic,实用+symbolic,symbolic,90,工具/科技/创作相关品类；产品可标记专业、创作、技术或玩家身份；标题含专业/旗舰/创作身份线索,raw_catalog
60899,null,【政府补贴20%】ThinkPad X9 14/15 Aura AI元启版英特尔酷睿Ultra7/9 32G 1T2T轻薄商务办公学生笔记本电脑,https://img.alicdn.com/bao/uploaded/O1CN01RmqdAF1QO1ItKKf27_!!6000000001965-0-yinhe.jpg,ThinkPad,12999,补贴1000元,笔记本电脑,1,utilitarian_symbolic,实用+symbolic,symbolic,90,工具/科技/创作相关品类；产品可标记专业、创作、技术或玩家身份；标题含专业/旗舰/创作身份线索,raw_catalog
65195,null,【政府补贴20%】联想ThinkPad T14P 2025款酷睿Ultra7/9 14英寸独显工程设计商务办公轻薄笔记本电脑官方旗舰,https://img.alicdn.com/bao/uploaded/O1CN01nknFnf1L3nY59MLJ4_!!6000000001244-0-yinhe.jpg,ThinkPad,5999,满3999减1000,笔记本电脑,1,utilitarian_symbolic,实用+symbolic,symbolic,90,工具/科技/创作相关品类；产品可标记专业、创作、技术或玩家身份；标题含专业/旗舰/创作身份线索,raw_catalog
1562797,102386,[国家补贴20%]联想拯救者Y7000P 酷睿Ultra7 255HX RTX5060 AI高静游戏本电竞笔记本电脑 联想学生笔记本电脑,https://img.alicdn.com/bao/uploaded/O1CN01PmAr4G1hzRB2R1WLw_!!6000000004348-0-yinhe.jpg,联想官方旗舰店,9999,,笔记本电脑,1,utilitarian_symbolic,实用+symbolic,symbolic,90,工具/科技/创作相关品类；产品可标记专业、创作、技术或玩家身份；标题含专业/旗舰/创作身份线索,raw_catalog
1563456,102386,【国家补贴20%】联想YOGA Air 14 Aura AI元启版 酷睿Ultra7-258V 14英寸触控轻薄本笔记本电脑高端办公正品,https://img.alicdn.com/bao/uploaded/O1CN01GZXZRM1g3RMTZowJY_!!6000000004086-0-yinhe.jpg,联想官方旗舰店,9289,,笔记本电脑,1,utilitarian_symbolic,实用+symbolic,symbolic,90,工具/科技/创作相关品类；产品可标记专业、创作、技术或玩家身份；标题含专业/旗舰/创作身份线索,raw_catalog
109075,null,fstop摄影包AJNA专业户外徒步摄影双肩包旅行登山内胆相机包,https://img.alicdn.com/bao/uploaded/O1CN010URmKW1CE23Zg1Rvp_!!6000000000048-0-yinhe.jpg,f-stop,2059,满2000减200,3C数码配件,1,utilitarian_symbolic,实用+symbolic,symbolic,83,工具/科技/创作相关品类；产品可标记专业、创作、技术或玩家身份；标题含专业/旗舰/创作身份线索,raw_catalog
47841,null,godox神牛V100 V1Pro闪光灯圆头锂电池V1单反相机摄影佳能索尼富士户外人像拍照外置热靴外拍机顶灯高速同步,https://img.alicdn.com/bao/uploaded/O1CN01bBxnwV1kg8zomzdgq_!!6000000004712-0-yinhe.jpg,神牛,1143,满1000减30,3C数码配件,1,utilitarian_symbolic,实用+symbolic,symbolic,83,工具/科技/创作相关品类；产品可标记专业、创作、技术或玩家身份；标题含专业/旗舰/创作身份线索,raw_catalog
60383,null,（旗舰品）神牛V100圆头相机闪光灯100W机顶灯热靴TTL高速同步中文菜单全域快门佳能单反索尼尼康外拍灯,https://img.alicdn.com/bao/uploaded/O1CN01Gwvh6e1Y8SlTHYkC1_!!6000000003014-0-yinhe.jpg,神牛,1813,满2000减40,3C数码配件,1,utilitarian_symbolic,实用+symbolic,symbolic,83,工具/科技/创作相关品类；产品可标记专业、创作、技术或玩家身份；标题含专业/旗舰/创作身份线索,raw_catalog
65348,null,神牛V100机顶闪光灯100w外拍热靴灯索尼佳能富士人像婚纱摄影跟拍高速同步TTL外置相机闪光灯触摸屏,https://img.alicdn.com/bao/uploaded/O1CN01BMeOLx21Sj9D9VY25_!!6000000006984-0-yinhe.jpg,神牛,1813,1件8.5折,3C数码配件,1,utilitarian_symbolic,实用+symbolic,symbolic,83,工具/科技/创作相关品类；产品可标记专业、创作、技术或玩家身份；标题含专业/旗舰/创作身份线索,raw_catalog
27886,110046,大疆 DJI Flip 全能 Vlog 无人机航拍专业高清防抖AI智能跟拍迷你航拍户外露营旅游入门级语音遥控无人机,https://img.alicdn.com/bao/uploaded/O1CN01h6OaKN1sdsG2aOCkG_!!6000000005790-0-yinhe.jpg,DJI/大疆,2788,,智能设备,1,utilitarian_symbolic,实用+symbolic,symbolic,83,工具/科技/创作相关品类；产品可标记专业、创作、技术或玩家身份；标题含专业/旗舰/创作身份线索,raw_catalog
45355,89512,【政府补贴立减15%】Meizu星纪魅族AR智能眼镜StarV View高清观影眼镜便携屏ai眼镜vr私人影院vision pro平替,https://img.alicdn.com/bao/uploaded/O1CN01FCDMvP28TpNuXuCXj_!!6000000007934-0-yinhe.jpg,Meizu/魅族,1699,满3299减1600,智能设备,1,utilitarian_symbolic,实用+symbolic,symbolic,83,工具/科技/创作相关品类；产品可标记专业、创作、技术或玩家身份；标题含专业/旗舰/创作身份线索,raw_catalog
31579,110046,【政府补贴手表】OPPO Watch X全智能手表新品esim独立通信专业运动手表健康心率血氧监测长续航防水,https://img.alicdn.com/bao/uploaded/O1CN01sZBlux1mJMoqG0icp_!!6000000004933-0-yinhe.jpg,OPPO,1699,,智能设备,1,utilitarian_symbolic,实用+symbolic,symbolic,83,工具/科技/创作相关品类；产品可标记专业、创作、技术或玩家身份；标题含专业/旗舰/创作身份线索,raw_catalog
45320,null,【政府补贴15%】荣耀手表4 Pro 智能手表镜月翡翠风范设计10天超长续航 eSIM通话手表荣耀官方旗舰店,https://img.alicdn.com/bao/uploaded/O1CN019xR1Oa1fphKchyIco_!!6000000004056-0-yinhe.jpg,honor/荣耀,1299,,智能设备,1,utilitarian_symbolic,实用+symbolic,symbolic,83,工具/科技/创作相关品类；产品可标记专业、创作、技术或玩家身份；标题含专业/旗舰/创作身份线索,raw_catalog
28712,110046,【政府补贴】Razer雷蛇黑寡妇蜘蛛V4专业版游戏机械键盘幻彩灯光,https://img.alicdn.com/bao/uploaded/O1CN01BW1D1X1hhZXe0GAJQ_!!6000000004309-0-yinhe.jpg,Razer/雷蛇,1599,官方8.5折,电脑硬件/显示器/电脑周边,1,utilitarian_symbolic,实用+symbolic,symbolic,83,工具/科技/创作相关品类；产品可标记专业、创作、技术或玩家身份；标题含专业/旗舰/创作身份线索,raw_catalog
65186,null,Razer雷蛇毒蝰V3专业版Pro Faker限定款无线电竞电脑CS游戏鼠标,https://img.alicdn.com/bao/uploaded/O1CN01mNlfcr1km6RfQuQsE_!!6000000004725-0-yinhe.jpg,Razer/雷蛇,1399,满429减300,电脑硬件/显示器/电脑周边,1,utilitarian_symbolic,实用+symbolic,symbolic,83,工具/科技/创作相关品类；产品可标记专业、创作、技术或玩家身份；标题含专业/旗舰/创作身份线索,raw_catalog
1245746,80548,适用vivox100s手机壳新款电镀真皮x100全包ultra保护套头层牛皮x100spro+镜头防摔高档x200pro高档奢华潮男女,https://img.alicdn.com/bao/uploaded/O1CN019KGI0x1OrfiYIucl9_!!6000000001759-0-yinhe.jpg,CUUSEY/酷形,48,满24减2,3C数码配件,1,utilitarian_symbolic,实用+symbolic,symbolic,75,工具/科技/创作相关品类；产品可标记专业、创作、技术或玩家身份；标题含专业/旗舰/创作身份线索,raw_catalog
1547626,102394,GoPro13影石acepro2配件宠物背带第一人称视角拍摄固定支架狗狗猫咪视角相机配件运动相机胸前背部固定视角,https://img.alicdn.com/bao/uploaded/O1CN01n78UVp1tKT15ePH4w_!!6000000005883-2-yinhe.png,YOOCUANG,30.4,满10减2,3C数码配件,1,utilitarian_symbolic,实用+symbolic,symbolic,75,工具/科技/创作相关品类；产品可标记专业、创作、技术或玩家身份；标题含专业/旗舰/创作身份线索,raw_catalog
27165,110046,Godox神牛v860III三代机顶闪光灯TTL高速同步V860II二代摄影佳能尼康索尼富士单反微单锂电池热靴相机机顶灯,https://img.alicdn.com/bao/uploaded/O1CN01hzJJWa21zhfDSAu5q_!!6000000007056-0-yinhe.jpg,神牛,730,满500减25,3C数码配件,1,utilitarian_symbolic,实用+symbolic,symbolic,75,工具/科技/创作相关品类；产品可标记专业、创作、技术或玩家身份；标题含专业/旗舰/创作身份线索,raw_catalog
1260104,90329,适用于华为Mate10 Pro摄像头镜片 后置照相机玻璃镜面 镜头盖镜框,https://img.alicdn.com/bao/uploaded/O1CN0192cZkd1On5jnUgh2M_!!6000000001749-0-yinhe.jpg,金粤通讯,2.5,,3C数码配件,1,utilitarian_symbolic,实用+symbolic,symbolic,75,工具/科技/创作相关品类；产品可标记专业、创作、技术或玩家身份；标题含专业/旗舰/创作身份线索,raw_catalog
750242,"690,329",适用华为P40 Pro摄像头镜片 P40Pro+手机照相机玻璃镜面镜头盖,https://img.alicdn.com/bao/uploaded/O1CN01WSs70s1LwlFnEjHqd_!!6000000001364-0-yinhe.jpg,金粤通讯,3.1,,3C数码配件,1,utilitarian_symbolic,实用+symbolic,symbolic,75,工具/科技/创作相关品类；产品可标记专业、创作、技术或玩家身份；标题含专业/旗舰/创作身份线索,raw_catalog
46427,6,闪魔适用苹果16/15ProMax镜头膜iPhone15Pro手机镜头保护膜14PM后摄像贴16新款13康宁12/11玻璃全包por相机圈,https://img.alicdn.com/bao/uploaded/O1CN01Pa9GbA1rN65mi0Ghb_!!6000000005618-0-yinhe.jpg,闪魔,17.91,官方8.5折,3C数码配件,1,utilitarian_symbolic,实用+symbolic,symbolic,75,工具/科技/创作相关品类；产品可标记专业、创作、技术或玩家身份；标题含专业/旗舰/创作身份线索,raw_catalog
1549606,104460,佳能R100入门微单数码相机学生家用旅游高清vlog视频半画幅微单,https://img.alicdn.com/bao/uploaded/O1CN01mRmBu11EW0l5E2xOy_!!6000000000358-0-yinhe.jpg,Canon/佳能,3699,,数码相机/单反相机/摄像机,1,utilitarian_symbolic,实用+symbolic,symbolic,75,工具/科技/创作相关品类；产品可标记专业、创作、技术或玩家身份；价格较高，具备身份/专业信号,raw_catalog
31432,110046,【自营】Canon/佳能 EOS R50 18-45套机 入门级学生旅游微单相机,https://img.alicdn.com/bao/uploaded/O1CN01BLCjsv1JGVHYhI297_!!6000000001001-0-yinhe.jpg,Canon/佳能,6737,每件直降878元,数码相机/单反相机/摄像机,1,utilitarian_symbolic,实用+symbolic,symbolic,75,工具/科技/创作相关品类；产品可标记专业、创作、技术或玩家身份；价格较高，具备身份/专业信号,raw_catalog
65111,null,【自营】Canon佳能EOS R10微单相机APS-C旅行高清数码相机海外版,https://img.alicdn.com/bao/uploaded/O1CN01rDhkSn1G04NBsiwt6_!!6000000000559-0-yinhe.jpg,Canon/佳能,9399,每件直降600元,数码相机/单反相机/摄像机,1,utilitarian_symbolic,实用+symbolic,symbolic,75,工具/科技/创作相关品类；产品可标记专业、创作、技术或玩家身份；价格较高，具备身份/专业信号,raw_catalog
65354,null,尼康Z70一200 f/2.8S VR全画幅微单镜头Z70-200 Z70200大三元免息,https://img.alicdn.com/bao/uploaded/O1CN01tzgCJq1lFs6lgyk4a_!!6000000004790-0-yinhe.jpg,Nikon/尼康,7380,,数码相机/单反相机/摄像机,1,utilitarian_symbolic,实用+symbolic,symbolic,75,工具/科技/创作相关品类；产品可标记专业、创作、技术或玩家身份；价格较高，具备身份/专业信号,raw_catalog
1240688,104460,Sony/索尼FE 24-50mm F2.8G全画幅F2.8大光圈微单镜头适用A7M4/C2,https://img.alicdn.com/bao/uploaded/O1CN01JhzLT11xHxIms045f_!!6000000006419-0-yinhe.jpg,Sony/索尼,7399,,数码相机/单反相机/摄像机,1,utilitarian_symbolic,实用+symbolic,symbolic,75,工具/科技/创作相关品类；产品可标记专业、创作、技术或玩家身份；价格较高，具备身份/专业信号,raw_catalog
13862,110046,Sony/索尼ZV-E10L 半画幅微单相机 Vlog相机 美肤拍照,https://img.alicdn.com/bao/uploaded/O1CN0183leLI1eN10jRVhMd_!!6000000003858-0-yinhe.jpg,Sony/索尼,4433,,数码相机/单反相机/摄像机,1,utilitarian_symbolic,实用+symbolic,symbolic,75,工具/科技/创作相关品类；产品可标记专业、创作、技术或玩家身份；价格较高，具备身份/专业信号,raw_catalog
43123,null,酷睿视GOOVIS G3 Max头戴3D巨幕显示器 非vr/ar眼镜头戴影院5K级高清视频智能眼镜IMAX级观影头显近视可调,https://img.alicdn.com/bao/uploaded/O1CN0138jV2j1uEnaBduIzp_!!6000000006006-0-yinhe.jpg,GOOVIS/酷睿视,6829,满7999减1170,智能设备,1,utilitarian_symbolic,实用+symbolic,symbolic,75,工具/科技/创作相关品类；产品可标记专业、创作、技术或玩家身份；价格较高，具备身份/专业信号,raw_catalog
1246341,89512,【翻译提词 AI助手】INMO GO2 AR智能眼镜 实时同声翻译 隐形提词器眼镜 AI眼镜助手 出国同声翻译神器,https://img.alicdn.com/bao/uploaded/O1CN01E5VYYh1vPcnlQ6Z5L_!!6000000006165-0-yinhe.jpg,INMO,4499,补贴500元,智能设备,1,utilitarian_symbolic,实用+symbolic,symbolic,75,工具/科技/创作相关品类；产品可标记专业、创作、技术或玩家身份；价格较高，具备身份/专业信号,raw_catalog
45426,null,kpep专业运动手表马拉松越野骑行游泳徒步爬山智能运动手环心率血氧睡眠音乐智能腕表防水手表,https://img.alicdn.com/bao/uploaded/O1CN01FOzu4t24KQkpPfAPO_!!6000000007372-0-yinhe.jpg,KPEP,445,满300减20,智能设备,1,utilitarian_symbolic,实用+symbolic,symbolic,75,工具/科技/创作相关品类；产品可标记专业、创作、技术或玩家身份；标题含专业/旗舰/创作身份线索,raw_catalog
30834,110046,【政府补贴15%】荣耀手表GS 4 智能手表具备全方位健康监测 真金镀层轻薄设计两周长续航多功能运动手表,https://img.alicdn.com/bao/uploaded/O1CN01eSFO1p23fD6BYVbeD_!!6000000007282-0-yinhe.jpg,honor/荣耀,749,,智能设备,1,utilitarian_symbolic,实用+symbolic,symbolic,75,工具/科技/创作相关品类；产品可标记专业、创作、技术或玩家身份；标题含专业/旗舰/创作身份线索,raw_catalog
13616,110046,AOC 27英寸4K高清U27P10液晶国补台式电脑显示器竖屏2K设计32屏幕,https://img.alicdn.com/bao/uploaded/O1CN013ANWea1J9dPfhZEVq_!!6000000000986-0-yinhe.jpg,AOC,979,1件减50元,电脑硬件/显示器/电脑周边,1,utilitarian_symbolic,实用+symbolic,symbolic,75,工具/科技/创作相关品类；产品可标记专业、创作、技术或玩家身份；标题含专业/旗舰/创作身份线索,raw_catalog
1549059,80548,狼蛛F87Pro机械键盘无线客制化三模蓝牙电脑游戏电竞专用侧刻键帽,https://img.alicdn.com/bao/uploaded/O1CN01OWtX0a26xwGfFppXa_!!6000000007729-0-yinhe.jpg,AULA/狼蛛,189,直降100元,电脑硬件/显示器/电脑周边,1,utilitarian_symbolic,实用+symbolic,symbolic,75,工具/科技/创作相关品类；产品可标记专业、创作、技术或玩家身份；标题含专业/旗舰/创作身份线索,raw_catalog
65235,6,明基MA270U显示器27英寸4K苹果Mac外接typec音箱HDR护眼电脑屏幕,https://img.alicdn.com/bao/uploaded/O1CN01GjWdos23RTFqVSXTy_!!6000000007252-0-yinhe.jpg,Benq/明基,4399,1件减1100元,电脑硬件/显示器/电脑周边,1,utilitarian_symbolic,实用+symbolic,symbolic,75,工具/科技/创作相关品类；产品可标记专业、创作、技术或玩家身份；价格较高，具备身份/专业信号,raw_catalog
1562558,102386,罗技G Pro系列GPW三代无线鼠标双模8K回报专业电竞游戏狗屁王GPW3,https://img.alicdn.com/bao/uploaded/O1CN01EpJzss1vNn8q5Fluw_!!6000000006161-0-yinhe.jpg,Logitech/罗技,849,满1299减230,电脑硬件/显示器/电脑周边,1,utilitarian_symbolic,实用+symbolic,symbolic,75,工具/科技/创作相关品类；产品可标记专业、创作、技术或玩家身份；标题含专业/旗舰/创作身份线索,raw_catalog
1253248,102386,元气方糖neo84三模矮轴机械键盘静音无线有线蓝牙办公铝合金质感,https://img.alicdn.com/bao/uploaded/O1CN01Y4VSnM1iMnL4EtW17_!!6000000004399-0-yinhe.jpg,元气方糖旗舰店,399,满467减70,电脑硬件/显示器/电脑周边,1,utilitarian_symbolic,实用+symbolic,symbolic,75,工具/科技/创作相关品类；产品可标记专业、创作、技术或玩家身份；标题含专业/旗舰/创作身份线索,raw_catalog
46126,6,MCHOSE迈从A7鼠标电竞游戏三模Pro无线蓝牙PAW3395轻量化电脑办公,https://img.alicdn.com/bao/uploaded/O1CN018VVlPb24zeRy2dOCy_!!6000000007462-0-yinhe.jpg,迈从,199,直降100元,电脑硬件/显示器/电脑周边,1,utilitarian_symbolic,实用+symbolic,symbolic,75,工具/科技/创作相关品类；产品可标记专业、创作、技术或玩家身份；标题含专业/旗舰/创作身份线索,raw_catalog
62916,null,【政府补贴20%】ROG枪神9 Plus 全新酷睿U9 275HX 18英寸 2.5K 星云屏RTX5080满血显卡华硕游戏笔记本电脑,https://img.alicdn.com/bao/uploaded/O1CN01zKYGYt1V8Vyehzer5_!!6000000002608-0-yinhe.jpg,Asus/华硕,13999,,笔记本电脑,1,utilitarian_symbolic,实用+symbolic,symbolic,75,工具/科技/创作相关品类；产品可标记专业、创作、技术或玩家身份；价格较高，具备身份/专业信号,raw_catalog
65633,null,Asus/华硕24.5英寸XG259CMS电脑ROG显示屏游戏IPS屏幕显示器310HZ,https://img.alicdn.com/bao/uploaded/O1CN01ekyxNt25hcTD5dmPQ_!!6000000007558-2-yinhe.png,Asus/华硕,1699,,电脑硬件/显示器/电脑周边,1,utilitarian_symbolic,实用+symbolic,symbolic,68,工具/科技/创作相关品类；产品可标记专业、创作、技术或玩家身份；价格中高,raw_catalog
60356,null,ROG棱镜2头戴式无线三模耳机电竞游戏耳麦,https://img.alicdn.com/bao/uploaded/O1CN01hXazd51VOXnQ7ALft_!!6000000002643-0-yinhe.jpg,ROG/玩家国度,1279,满200减20,电脑硬件/显示器/电脑周边,1,utilitarian_symbolic,实用+symbolic,symbolic,68,工具/科技/创作相关品类；产品可标记专业、创作、技术或玩家身份；价格中高,raw_catalog
62551,null,攀升平面高配设计师电脑14600KF/14700KF主机视频剪辑专用T1000/4060台式机DIY组装机办公整机T400图形工作站,https://img.alicdn.com/bao/uploaded/O1CN01apRlKv1pL9AQe1SoQ_!!6000000005343-0-yinhe.jpg,IPASON/攀升,3999,官方立减650元,DIY电脑,1,utilitarian_symbolic,实用+symbolic,symbolic,65,产品可标记专业、创作、技术或玩家身份；标题含专业/旗舰/创作身份线索；价格较高，具备身份/专业信号,raw_catalog
35189,110046,【12期免息】宁美国度台式电脑卓致 i7 12700/13700HX/14700高配办公游戏设计主机台式组装兼容整机,https://img.alicdn.com/bao/uploaded/O1CN01iWZq8321v7g8Wk3Im_!!6000000007046-0-yinhe.jpg,宁美国度,3099,官方立减500元,DIY电脑,1,utilitarian_symbolic,实用+symbolic,symbolic,65,产品可标记专业、创作、技术或玩家身份；标题含专业/旗舰/创作身份线索；价格较高，具备身份/专业信号,raw_catalog
1398156,89512,芬纳维亚传承 现代设计师单人沙发椅 emmi埃米 复古风懒人休闲椅,https://img.alicdn.com/bao/uploaded/O1CN01F6wrAt1hkK5ryrsrR_!!6000000004315-0-yinhe.jpg,FINNNAVIAN,7680,,住宅家具,1,utilitarian_symbolic,实用+symbolic,symbolic,65,产品可标记专业、创作、技术或玩家身份；标题含专业/旗舰/创作身份线索；价格较高，具备身份/专业信号,raw_catalog
1563848,102386,SMEG/斯麦格 EGF03咖啡机研磨一体家用专业级意式现磨蒸汽打奶泡,https://img.alicdn.com/bao/uploaded/O1CN013w4T7v1r8tr8W33bc_!!6000000005587-0-yinhe.jpg,SMEG,6399,限时优惠3016元,厨房电器,1,utilitarian_symbolic,实用+symbolic,symbolic,65,产品可标记专业、创作、技术或玩家身份；标题含专业/旗舰/创作身份线索；价格较高，具备身份/专业信号,raw_catalog
99170,null,SMEG/斯麦格EGF03咖啡机研磨一体家用专业级意式料理机蒸汽打奶泡,https://img.alicdn.com/bao/uploaded/O1CN013w4T7v1r8tr8W33bc_!!6000000005587-0-yinhe.jpg,SMEG,6199,1件减2695元,厨房电器,1,utilitarian_symbolic,实用+symbolic,symbolic,65,产品可标记专业、创作、技术或玩家身份；标题含专业/旗舰/创作身份线索；价格较高，具备身份/专业信号,raw_catalog
14557,110046,雷鸟鹤6 Pro 25款75英寸MiniLED高阶分区超高刷平板电视机国补,https://img.alicdn.com/bao/uploaded/O1CN01TzmXUM22AEnUCx9C7_!!6000000007079-0-yinhe.jpg,FFALCON/雷鸟,4319,满300减280,大家电,1,utilitarian_symbolic,实用+symbolic,symbolic,65,产品可标记专业、创作、技术或玩家身份；标题含专业/旗舰/创作身份线索；价格较高，具备身份/专业信号,raw_catalog
47746,null,雷鸟鹤6 PRO 24款75英寸MiniLED高阶分区240Hz超高刷平板电视机,https://img.alicdn.com/bao/uploaded/O1CN015GdVSl23zMWchwjxv_!!6000000007326-0-yinhe.jpg,FFALCON/雷鸟,4219,满300减280,大家电,1,utilitarian_symbolic,实用+symbolic,symbolic,65,产品可标记专业、创作、技术或玩家身份；标题含专业/旗舰/创作身份线索；价格较高，具备身份/专业信号,raw_catalog
1560578,102386,【早秋新品】JIL SANDER 2025新品 女士 绵羊毛大衣外套,https://img.alicdn.com/bao/uploaded/O1CN01gXdwx71eLduHYFv1C_!!6000000003855-0-yinhe.jpg,Jil Sander,28100,,女装/女士精品,1,hedonic_symbolic,享乐+symbolic,symbolic,93,时尚/珠宝/腕表/美妆等符号性品类；品牌具备品味、身份或地位信号；产品本体可表达审美、身份或成就,raw_catalog
1560625,102386,JIL SANDER+  女士 连帽大衣外套,https://img.alicdn.com/bao/uploaded/O1CN01YuHWwh1rFJF2T8FIS_!!6000000005601-0-yinhe.jpg,Jil Sander,21200,,女装/女士精品,1,hedonic_symbolic,享乐+symbolic,symbolic,93,时尚/珠宝/腕表/美妆等符号性品类；品牌具备品味、身份或地位信号；产品本体可表达审美、身份或成就,raw_catalog
1562034,102386,JIL SANDER 秋冬女士 山羊绒衬衫夹克外套,https://img.alicdn.com/bao/uploaded/O1CN01NqTpTo1K4t3TMaMTq_!!6000000001111-0-yinhe.jpg,Jil Sander,36100,,女装/女士精品,1,hedonic_symbolic,享乐+symbolic,symbolic,93,时尚/珠宝/腕表/美妆等符号性品类；品牌具备品味、身份或地位信号；产品本体可表达审美、身份或成就,raw_catalog
1565392,102386,【早秋新品】JIL SANDER 2025新品 女士 棉质工装夹克外套,https://img.alicdn.com/bao/uploaded/O1CN01H8VpG91Jx6N7tjMMj_!!6000000001094-0-yinhe.jpg,Jil Sander,14500,,女装/女士精品,1,hedonic_symbolic,享乐+symbolic,symbolic,93,时尚/珠宝/腕表/美妆等符号性品类；品牌具备品味、身份或地位信号；产品本体可表达审美、身份或成就,raw_catalog
1565411,102386,JIL SANDER 2025新品女士 棉质夹克外套,https://img.alicdn.com/bao/uploaded/O1CN012ThJq01IN5Yy4KOn6_!!6000000000880-0-yinhe.jpg,Jil Sander,14600,,女装/女士精品,1,hedonic_symbolic,享乐+symbolic,symbolic,93,时尚/珠宝/腕表/美妆等符号性品类；品牌具备品味、身份或地位信号；产品本体可表达审美、身份或成就,raw_catalog
1565535,102386,【早秋新品】JIL SANDER 2025新品 女士 棉质工装夹克外套,https://img.alicdn.com/bao/uploaded/O1CN01BrTNwP1upRX2bkWyZ_!!6000000006086-0-yinhe.jpg,Jil Sander,14500,,女装/女士精品,1,hedonic_symbolic,享乐+symbolic,symbolic,93,时尚/珠宝/腕表/美妆等符号性品类；品牌具备品味、身份或地位信号；产品本体可表达审美、身份或成就,raw_catalog
17389,102386,CL/路铂廷DEGRASTRASS 85女鞋尖头水晶高跟鞋婚鞋红底鞋,https://img.alicdn.com/bao/uploaded/O1CN0142ZFT41ec7qUrNWhh_!!6000000003891-0-yinhe.jpg,Christian Louboutin/路铂廷,10900,,女鞋,1,hedonic_symbolic,享乐+symbolic,symbolic,93,时尚/珠宝/腕表/美妆等符号性品类；品牌具备品味、身份或地位信号；产品本体可表达审美、身份或成就,raw_catalog
107967,null,JIMMY CHOO/BING PUMP系列 女士水晶饰高跟鞋/平底鞋JC,https://img.alicdn.com/bao/uploaded/O1CN01ETBDAa1p6UVpkGjei_!!6000000005311-2-yinhe.png,Jimmy Choo,8450,,女鞋,1,hedonic_symbolic,享乐+symbolic,symbolic,93,时尚/珠宝/腕表/美妆等符号性品类；品牌具备品味、身份或地位信号；产品本体可表达审美、身份或成就,raw_catalog
1537746,102386,[白鹿同款]JIMMY CHOO/STEVIE 女士水晶饰踝链高跟鞋婚鞋JC,https://img.alicdn.com/bao/uploaded/O1CN01S118Ek1Zh6LX9OcRA_!!6000000003225-0-yinhe.jpg,Jimmy Choo,10600,,女鞋,1,hedonic_symbolic,享乐+symbolic,symbolic,93,时尚/珠宝/腕表/美妆等符号性品类；品牌具备品味、身份或地位信号；产品本体可表达审美、身份或成就,raw_catalog
1537762,102386,[礼物][经典款]JIMMY CHOO/SAEDA 100 女士水晶链饰露跟高跟鞋JC,https://img.alicdn.com/bao/uploaded/O1CN01JVXUVD29E5RgNRzco_!!6000000008035-0-yinhe.jpg,Jimmy Choo,9390,,女鞋,1,hedonic_symbolic,享乐+symbolic,symbolic,93,时尚/珠宝/腕表/美妆等符号性品类；品牌具备品味、身份或地位信号；产品本体可表达审美、身份或成就,raw_catalog
1537777,102386,[明星同款]JIMMY CHOO/BING PUMP 65 女士水晶饰玛丽珍高跟鞋JC,https://img.alicdn.com/bao/uploaded/O1CN01uJMte61of0ePM2Tuw_!!6000000005251-2-yinhe.png,Jimmy Choo,9150,,女鞋,1,hedonic_symbolic,享乐+symbolic,symbolic,93,时尚/珠宝/腕表/美妆等符号性品类；品牌具备品味、身份或地位信号；产品本体可表达审美、身份或成就,raw_catalog
1558496,102386,JIMMY CHOO/SAEDA系列 女士水晶链饰高跟鞋单鞋JC,https://img.alicdn.com/bao/uploaded/O1CN0102cdQ41h0yizfPZar_!!6000000004216-2-yinhe.png,Jimmy Choo,9390,,女鞋,1,hedonic_symbolic,享乐+symbolic,symbolic,93,时尚/珠宝/腕表/美妆等符号性品类；品牌具备品味、身份或地位信号；产品本体可表达审美、身份或成就,raw_catalog
1558503,102386,[白鹿同款][经典款]JIMMY CHOO/SAEDA 85 女士水晶饰露跟高跟鞋JC,https://img.alicdn.com/bao/uploaded/O1CN01cgo7te1YGFX5t6JtV_!!6000000003031-0-yinhe.jpg,Jimmy Choo,9390,,女鞋,1,hedonic_symbolic,享乐+symbolic,symbolic,93,时尚/珠宝/腕表/美妆等符号性品类；品牌具备品味、身份或地位信号；产品本体可表达审美、身份或成就,raw_catalog
27101,110046,【新品上市】百年灵航空计时双时区自动机械男女款41冰蓝瑞士手表,https://img.alicdn.com/bao/uploaded/O1CN01nrt6nI1a1i4ygscq6_!!6000000003270-0-yinhe.jpg,Breitling/百年灵,43550,满20000减50,手表,1,hedonic_symbolic,享乐+symbolic,symbolic,93,时尚/珠宝/腕表/美妆等符号性品类；品牌具备品味、身份或地位信号；产品本体可表达审美、身份或成就,raw_catalog
1537701,102386,Chopard萧邦快乐钻石30mm白色石英腕表时尚女表双表带七夕礼物,https://img.alicdn.com/bao/uploaded/O1CN01SutswC1EEbWPErMCJ_!!6000000000320-0-yinhe.jpg,Chopard/萧邦,40200,,手表,1,hedonic_symbolic,享乐+symbolic,symbolic,93,时尚/珠宝/腕表/美妆等符号性品类；品牌具备品味、身份或地位信号；产品本体可表达审美、身份或成就,raw_catalog
1547487,102386,Chopard萧邦18K玫瑰金精钢快乐钻石绿色石英腕表手表女款七夕礼物,https://img.alicdn.com/bao/uploaded/O1CN01ADFG1r1xeqrKoXm8l_!!6000000006469-0-yinhe.jpg,Chopard/萧邦,71000,,手表,1,hedonic_symbolic,享乐+symbolic,symbolic,93,时尚/珠宝/腕表/美妆等符号性品类；品牌具备品味、身份或地位信号；产品本体可表达审美、身份或成就,raw_catalog
1547520,102386,Chopard萧邦日月星快乐钻石机械腕表蓝色时尚手表女款七夕礼物,https://img.alicdn.com/bao/uploaded/O1CN01XVrfLd1nIHBFtrZ1G_!!6000000005066-0-yinhe.jpg,Chopard/萧邦,66000,,手表,1,hedonic_symbolic,享乐+symbolic,symbolic,93,时尚/珠宝/腕表/美妆等符号性品类；品牌具备品味、身份或地位信号；产品本体可表达审美、身份或成就,raw_catalog
1558428,102386,Chopard萧邦椭圆精钢机械腕表快乐钻石时尚女表款瑞士礼物,https://img.alicdn.com/bao/uploaded/O1CN01rri6X41CZ5yQOkvdT_!!6000000000094-0-yinhe.jpg,Chopard/萧邦,89000,,手表,1,hedonic_symbolic,享乐+symbolic,symbolic,93,时尚/珠宝/腕表/美妆等符号性品类；品牌具备品味、身份或地位信号；产品本体可表达审美、身份或成就,raw_catalog
1558431,102386,Chopard萧邦雪花快乐钻石精钢机械腕表白表带时尚手表礼物,https://img.alicdn.com/bao/uploaded/O1CN01wHlAv61dof2cZ9B5w_!!6000000003783-0-yinhe.jpg,Chopard/萧邦,63000,,手表,1,hedonic_symbolic,享乐+symbolic,symbolic,93,时尚/珠宝/腕表/美妆等符号性品类；品牌具备品味、身份或地位信号；产品本体可表达审美、身份或成就,raw_catalog
1558437,102386,Chopard萧邦运动日历显示黑色表带机械腕表运动男表礼物,https://img.alicdn.com/bao/uploaded/O1CN01N0oKn21MnQUcblN9l_!!6000000001479-0-yinhe.jpg,Chopard/萧邦,58000,,手表,1,hedonic_symbolic,享乐+symbolic,symbolic,93,时尚/珠宝/腕表/美妆等符号性品类；品牌具备品味、身份或地位信号；产品本体可表达审美、身份或成就,raw_catalog
60525,null,IWC万国手表官方旗舰IWC葡萄牙系列计时腕表张若昀同款机械手表男,https://img.alicdn.com/bao/uploaded/O1CN01PTHbmC1HxtTqvzfZl_!!6000000000825-0-yinhe.jpg,IWC/万国,64800,,手表,1,hedonic_symbolic,享乐+symbolic,symbolic,93,时尚/珠宝/腕表/美妆等符号性品类；品牌具备品味、身份或地位信号；产品本体可表达审美、身份或成就,raw_catalog
13413,110046,Longines浪琴官方正品康卡斯系列男士机械表手表男阳光绿彩盘,https://img.alicdn.com/bao/uploaded/O1CN01FtAkrM1fHLjnhkmnG_!!6000000003981-0-yinhe.jpg,Longines/浪琴,16720,满16000减480,手表,1,hedonic_symbolic,享乐+symbolic,symbolic,93,时尚/珠宝/腕表/美妆等符号性品类；品牌具备品味、身份或地位信号；产品本体可表达审美、身份或成就,raw_catalog
14455,110046,【新品】Longines浪琴官方正品军旗系列男士机械表手表男,https://img.alicdn.com/bao/uploaded/O1CN01DpCWqo1I2w5mJTRCZ_!!6000000000836-0-yinhe.jpg,Longines/浪琴,14710,满13000减390,手表,1,hedonic_symbolic,享乐+symbolic,symbolic,93,时尚/珠宝/腕表/美妆等符号性品类；品牌具备品味、身份或地位信号；产品本体可表达审美、身份或成就,raw_catalog
15104,110046,Longines浪琴 官方旗舰博雅系列女士机械表手表女腕表,https://img.alicdn.com/bao/uploaded/O1CN01rMKGjD1Z8Hw68MLnQ_!!6000000003149-0-yinhe.jpg,Longines/浪琴,17720,满16000减480,手表,1,hedonic_symbolic,享乐+symbolic,symbolic,93,时尚/珠宝/腕表/美妆等符号性品类；品牌具备品味、身份或地位信号；产品本体可表达审美、身份或成就,raw_catalog
1548467,102386,【新品】Longines浪琴官方正品康卡斯系列悦动腕表机械表手表女,https://img.alicdn.com/bao/uploaded/O1CN01A4RjYG1WnZ1HoV7jn_!!6000000002833-0-yinhe.jpg,Longines/浪琴,16860,满17000减340,手表,1,hedonic_symbolic,享乐+symbolic,symbolic,93,时尚/珠宝/腕表/美妆等符号性品类；品牌具备品味、身份或地位信号；产品本体可表达审美、身份或成就,raw_catalog
102167,null,De Beers 戴比尔斯 DB Classic 18K玫瑰金单钻戒指3mm,https://img.alicdn.com/bao/uploaded/O1CN016OrRRh1DlkY2pVR8m_!!6000000000257-0-yinhe.jpg,DE BEERS/戴比尔斯,8000,,珠宝/钻石/翡翠,1,hedonic_symbolic,享乐+symbolic,symbolic,93,时尚/珠宝/腕表/美妆等符号性品类；品牌具备品味、身份或地位信号；产品本体可表达审美、身份或成就,raw_catalog
103281,null,De Beers 戴比尔斯 Enchanted Lotus 莲花18K白金钻石项链,https://img.alicdn.com/bao/uploaded/O1CN01vb15kT1RA6jFfHpUD_!!6000000002070-0-yinhe.jpg,DE BEERS/戴比尔斯,21000,,珠宝/钻石/翡翠,1,hedonic_symbolic,享乐+symbolic,symbolic,93,时尚/珠宝/腕表/美妆等符号性品类；品牌具备品味、身份或地位信号；产品本体可表达审美、身份或成就,raw_catalog
103548,null,De Beers 戴比尔斯 DB Classic 铂金单钻戒指3mm,https://img.alicdn.com/bao/uploaded/O1CN01ieMl8v1eJLbwLh8GE_!!6000000003850-0-yinhe.jpg,DE BEERS/戴比尔斯,11000,,珠宝/钻石/翡翠,1,hedonic_symbolic,享乐+symbolic,symbolic,93,时尚/珠宝/腕表/美妆等符号性品类；品牌具备品味、身份或地位信号；产品本体可表达审美、身份或成就,raw_catalog
103938,null,De Beers 戴比尔斯 Portraits of Nature butterfly 白金钻石项链,https://img.alicdn.com/bao/uploaded/O1CN01i14DcA1UAyJt3RVtJ_!!6000000002478-0-yinhe.jpg,DE BEERS/戴比尔斯,25000,,珠宝/钻石/翡翠,1,hedonic_symbolic,享乐+symbolic,symbolic,93,时尚/珠宝/腕表/美妆等符号性品类；品牌具备品味、身份或地位信号；产品本体可表达审美、身份或成就,raw_catalog
105241,null,De Beers 戴比尔斯 DB Classic 18K白金钻石耳环,https://img.alicdn.com/bao/uploaded/O1CN01QHt5m81aRM8Wf7oPm_!!6000000003326-0-yinhe.jpg,DE BEERS/戴比尔斯,20000,,珠宝/钻石/翡翠,1,hedonic_symbolic,享乐+symbolic,symbolic,93,时尚/珠宝/腕表/美妆等符号性品类；品牌具备品味、身份或地位信号；产品本体可表达审美、身份或成就,raw_catalog
107542,null,De Beers 戴比尔斯 DB Classic 18K白金钻石耳环 (25毫米),https://img.alicdn.com/bao/uploaded/O1CN01CEtNTT1xOMbadUfJ7_!!6000000006433-0-yinhe.jpg,DE BEERS/戴比尔斯,34500,,珠宝/钻石/翡翠,1,hedonic_symbolic,享乐+symbolic,symbolic,93,时尚/珠宝/腕表/美妆等符号性品类；品牌具备品味、身份或地位信号；产品本体可表达审美、身份或成就,raw_catalog
1233589,89512,周大福SOINLOVE 蜜粉金十里红妆 锦鲤珍珠黄金手镯女生日礼物,https://img.alicdn.com/bao/uploaded/O1CN014UzNZb26ZewZ1Z2ia_!!6000000007676-0-yinhe.jpg,SOINLOVE,14904,1件9.2折,珠宝/钻石/翡翠,1,hedonic_symbolic,享乐+symbolic,symbolic,93,时尚/珠宝/腕表/美妆等符号性品类；品牌具备品味、身份或地位信号；产品本体可表达审美、身份或成就,raw_catalog
1253770,89512,周大福SOINLOVE宝藏女孩无尽夏花牌绣球花黄金珍珠项链生日礼物,https://img.alicdn.com/bao/uploaded/O1CN01wh0q8a29MKWQjLwCI_!!6000000008053-0-yinhe.jpg,SOINLOVE,8464,1件9.2折,珠宝/钻石/翡翠,1,hedonic_symbolic,享乐+symbolic,symbolic,93,时尚/珠宝/腕表/美妆等符号性品类；品牌具备品味、身份或地位信号；产品本体可表达审美、身份或成就,raw_catalog
1254924,89512,周大福SOINLOVE蜜粉金十里红妆 事事如意黄金手链生日礼物,https://img.alicdn.com/bao/uploaded/O1CN011rdOUN1WkoVXsjWhT_!!6000000002827-0-yinhe.jpg,SOINLOVE,8740,1件9.5折,珠宝/钻石/翡翠,1,hedonic_symbolic,享乐+symbolic,symbolic,93,时尚/珠宝/腕表/美妆等符号性品类；品牌具备品味、身份或地位信号；产品本体可表达审美、身份或成就,raw_catalog
82464,null,周大福SOINLOVE蜜粉金十里红妆锦鲤珍珠黄金手镯女生日礼物,https://img.alicdn.com/bao/uploaded/O1CN01soDuMI1s497walqHn_!!6000000005712-0-yinhe.jpg,SOINLOVE,13932,1件9.1折,珠宝/钻石/翡翠,1,hedonic_symbolic,享乐+symbolic,symbolic,93,时尚/珠宝/腕表/美妆等符号性品类；品牌具备品味、身份或地位信号；产品本体可表达审美、身份或成就,raw_catalog
105042,null,周大福传承国萃传承耀福如意黄金镶钻翡翠手链CW97,https://img.alicdn.com/bao/uploaded/O1CN0117VkCa1gHdezVyLWd_!!6000000004117-0-yinhe.jpg,周大福传承,21896,1件9.2折,珠宝/钻石/翡翠,1,hedonic_symbolic,享乐+symbolic,symbolic,93,时尚/珠宝/腕表/美妆等符号性品类；品牌具备品味、身份或地位信号；产品本体可表达审美、身份或成就,raw_catalog
106724,null,周大福传承国韵传承花好月圆足金黄金镶嵌钻石手链RU979礼物,https://img.alicdn.com/bao/uploaded/O1CN01OXP9bp1S5MQGcyyI7_!!6000000002195-0-yinhe.jpg,周大福传承,11800,,珠宝/钻石/翡翠,1,hedonic_symbolic,享乐+symbolic,symbolic,93,时尚/珠宝/腕表/美妆等符号性品类；品牌具备品味、身份或地位信号；产品本体可表达审美、身份或成就,raw_catalog
1538675,102386,【高圆圆同款】FERRAGAMO菲拉格慕女士多口袋水桶包,https://img.alicdn.com/bao/uploaded/O1CN01MOfHOx1F2zMkXk3pG_!!6000000000430-0-yinhe.jpg,FERRAGAMO/菲拉格慕,9950,,箱包皮具/热销女包/男包,1,hedonic_symbolic,享乐+symbolic,symbolic,93,时尚/珠宝/腕表/美妆等符号性品类；品牌具备品味、身份或地位信号；产品本体可表达审美、身份或成就,raw_catalog
1557450,102386,【12期免息】FERRAGAMO菲拉格慕女Hug Soft羽毛斜挎包抱抱包小号,https://img.alicdn.com/bao/uploaded/O1CN015vzi6O1rgn9llczsJ_!!6000000005661-0-yinhe.jpg,FERRAGAMO/菲拉格慕,28500,,箱包皮具/热销女包/男包,1,hedonic_symbolic,享乐+symbolic,symbolic,93,时尚/珠宝/腕表/美妆等符号性品类；品牌具备品味、身份或地位信号；产品本体可表达审美、身份或成就,raw_catalog
1557656,102386,【12期免息】FERRAGAMO菲拉格慕女士托特包（大号）,https://img.alicdn.com/bao/uploaded/O1CN01RUGljR1Rc34czCSRp_!!6000000002131-0-yinhe.jpg,FERRAGAMO/菲拉格慕,17900,,箱包皮具/热销女包/男包,1,hedonic_symbolic,享乐+symbolic,symbolic,93,时尚/珠宝/腕表/美妆等符号性品类；品牌具备品味、身份或地位信号；产品本体可表达审美、身份或成就,raw_catalog
1557657,102386,【高圆圆同款】FERRAGAMO菲拉格慕女Hug Soft单肩包抱抱包(大号),https://img.alicdn.com/bao/uploaded/O1CN01P82gP329lykqcGA05_!!6000000008109-0-yinhe.jpg,FERRAGAMO/菲拉格慕,26500,,箱包皮具/热销女包/男包,1,hedonic_symbolic,享乐+symbolic,symbolic,93,时尚/珠宝/腕表/美妆等符号性品类；品牌具备品味、身份或地位信号；产品本体可表达审美、身份或成就,raw_catalog
1557686,102386,【12期免息】FERRAGAMO菲拉格慕女士经典TopHandle手袋小号,https://img.alicdn.com/bao/uploaded/O1CN01lxv6T61XdmGOt4du1_!!6000000002947-0-yinhe.jpg,FERRAGAMO/菲拉格慕,22900,,箱包皮具/热销女包/男包,1,hedonic_symbolic,享乐+symbolic,symbolic,93,时尚/珠宝/腕表/美妆等符号性品类；品牌具备品味、身份或地位信号；产品本体可表达审美、身份或成就,raw_catalog
1558460,102386,【高圆圆同款】FERRAGAMO菲拉格慕女士Hug手提包抱抱包(大号),https://img.alicdn.com/bao/uploaded/O1CN01j2yT2C1a4uxtSy2h9_!!6000000003277-0-yinhe.jpg,FERRAGAMO/菲拉格慕,25500,,箱包皮具/热销女包/男包,1,hedonic_symbolic,享乐+symbolic,symbolic,93,时尚/珠宝/腕表/美妆等符号性品类；品牌具备品味、身份或地位信号；产品本体可表达审美、身份或成就,raw_catalog
1537664,102386,【七夕礼物】TOD'S官方正品男士织物拼接大容量双肩包背包休闲包,https://img.alicdn.com/bao/uploaded/O1CN01gj7KFY1sxZ7mI0yZM_!!6000000005833-0-yinhe.jpg,Tod’s,14900,,箱包皮具/热销女包/男包,1,hedonic_symbolic,享乐+symbolic,symbolic,93,时尚/珠宝/腕表/美妆等符号性品类；品牌具备品味、身份或地位信号；产品本体可表达审美、身份或成就,raw_catalog
1557434,102386,TOD'S官方正品女士TIMELESS小号水桶包时尚休闲单肩包女包,https://img.alicdn.com/bao/uploaded/O1CN01G4xnw31vacCvJkBuW_!!6000000006189-0-yinhe.jpg,Tod’s,10600,,箱包皮具/热销女包/男包,1,hedonic_symbolic,享乐+symbolic,symbolic,93,时尚/珠宝/腕表/美妆等符号性品类；品牌具备品味、身份或地位信号；产品本体可表达审美、身份或成就,raw_catalog
1557439,102386,TOD'S官方正品2025秋冬新品女士TIMELESS迷你皮革托特包单肩包,https://img.alicdn.com/bao/uploaded/O1CN01XEaMOC1af6FUWpwkH_!!6000000003356-0-yinhe.jpg,Tod’s,11600,,箱包皮具/热销女包/男包,1,hedonic_symbolic,享乐+symbolic,symbolic,93,时尚/珠宝/腕表/美妆等符号性品类；品牌具备品味、身份或地位信号；产品本体可表达审美、身份或成就,raw_catalog
1557440,102386,【肖战同款】TOD'S官方正品2025秋冬新品男女士DI BAG FOLIO手袋,https://img.alicdn.com/bao/uploaded/O1CN01cXu0b21zY6bXTExYw_!!6000000006725-0-yinhe.jpg,Tod’s,16600,,箱包皮具/热销女包/男包,1,hedonic_symbolic,享乐+symbolic,symbolic,93,时尚/珠宝/腕表/美妆等符号性品类；品牌具备品味、身份或地位信号；产品本体可表达审美、身份或成就,raw_catalog
1557454,102386,TOD'S官方正品女士小号皮革购物托特包手提包时尚休闲女包,https://img.alicdn.com/bao/uploaded/O1CN01OBXs0T1scV383IzoD_!!6000000005787-0-yinhe.jpg,Tod’s,11600,,箱包皮具/热销女包/男包,1,hedonic_symbolic,享乐+symbolic,symbolic,93,时尚/珠宝/腕表/美妆等符号性品类；品牌具备品味、身份或地位信号；产品本体可表达审美、身份或成就,raw_catalog
1557457,102386,TOD'S官方正品女士TIMELESS皮革中号托特包手提包单肩包大容量包,https://img.alicdn.com/bao/uploaded/O1CN01eyVxb91kunjcfryWh_!!6000000004744-0-yinhe.jpg,Tod’s,12400,,箱包皮具/热销女包/男包,1,hedonic_symbolic,享乐+symbolic,symbolic,93,时尚/珠宝/腕表/美妆等符号性品类；品牌具备品味、身份或地位信号；产品本体可表达审美、身份或成就,raw_catalog
100401,null,周大生黄金项链吊坠足金生肖龙牌本命年辰龙送财礼物生日送礼女生,https://img.alicdn.com/bao/uploaded/O1CN01NK8IJm26DDfkfS8Q1_!!6000000007627-0-yinhe.jpg,Chow Tai Seng/周大生,11131.22,满9000减900,黄金,1,hedonic_symbolic,享乐+symbolic,symbolic,93,时尚/珠宝/腕表/美妆等符号性品类；品牌具备品味、身份或地位信号；产品本体可表达审美、身份或成就,raw_catalog
101201,null,周大生国家宝藏十二花神黄金吊坠云锦葫芦平安扣送女朋友礼物,https://img.alicdn.com/bao/uploaded/O1CN01nHIFQd1M0QRSJ03eL_!!6000000001372-0-yinhe.jpg,Chow Tai Seng/周大生,8147.84,满31减30,黄金,1,hedonic_symbolic,享乐+symbolic,symbolic,93,时尚/珠宝/腕表/美妆等符号性品类；品牌具备品味、身份或地位信号；产品本体可表达审美、身份或成就,raw_catalog
1156649,"662,701",【高端定制】周大生黄金手镯古法磨砂树纹足金素圈七夕节礼物,https://img.alicdn.com/bao/uploaded/O1CN012OVZdo1t3ymMtwps1_!!6000000005847-0-yinhe.jpg,Chow Tai Seng/周大生,18896,1件8.5折,黄金,1,hedonic_symbolic,享乐+symbolic,symbolic,93,时尚/珠宝/腕表/美妆等符号性品类；品牌具备品味、身份或地位信号；产品本体可表达审美、身份或成就,raw_catalog
1232752,89512,周大生足金钻石吊坠黄金点钻可旋转圆珠挂坠配绳生日礼物送女友,https://img.alicdn.com/bao/uploaded/O1CN01cGxPvO1wIaKbfgkPW_!!6000000006285-0-yinhe.jpg,Chow Tai Seng/周大生,12422.5,1件8.5折,黄金,1,hedonic_symbolic,享乐+symbolic,symbolic,93,时尚/珠宝/腕表/美妆等符号性品类；品牌具备品味、身份或地位信号；产品本体可表达审美、身份或成就,raw_catalog
1233193,89512,【高端定制】周大生古法福字素圈方镯黄金手镯结婚三金送女友刻字,https://img.alicdn.com/bao/uploaded/O1CN01v5yQiW1f5RNQwv1ki_!!6000000003955-0-yinhe.jpg,Chow Tai Seng/周大生,19650,1件8.2折,黄金,1,hedonic_symbolic,享乐+symbolic,symbolic,93,时尚/珠宝/腕表/美妆等符号性品类；品牌具备品味、身份或地位信号；产品本体可表达审美、身份或成就,raw_catalog
1236555,89512,【高端定制】周大生古法足金佛头转运珠配绳黄金吊坠送妈妈送女友,https://img.alicdn.com/bao/uploaded/O1CN01eSQgee1YgM4JuZJf3_!!6000000003088-0-yinhe.jpg,Chow Tai Seng/周大生,23570,满31减30,黄金,1,hedonic_symbolic,享乐+symbolic,symbolic,93,时尚/珠宝/腕表/美妆等符号性品类；品牌具备品味、身份或地位信号；产品本体可表达审美、身份或成就,raw_catalog
101489,null,【高端定制】周大生黄金手链足金霸气经典手表链马到成功發送男友,https://img.alicdn.com/bao/uploaded/O1CN010c2SEF25lHae2kajS_!!6000000007566-0-yinhe.jpg,周大生官方旗舰店,41595.4,1件8.6折,黄金,1,hedonic_symbolic,享乐+symbolic,symbolic,93,时尚/珠宝/腕表/美妆等符号性品类；品牌具备品味、身份或地位信号；产品本体可表达审美、身份或成就,raw_catalog
91707,null,【高端定制】周大生黄金手链亮面潮流个性古巴链百搭款送男友礼物,https://img.alicdn.com/bao/uploaded/O1CN01sM9VGl1IjzHQGlgeP_!!6000000000930-0-yinhe.jpg,周大生官方旗舰店,23298,1件8.6折,黄金,1,hedonic_symbolic,享乐+symbolic,symbolic,93,时尚/珠宝/腕表/美妆等符号性品类；品牌具备品味、身份或地位信号；产品本体可表达审美、身份或成就,raw_catalog
101293,null,周大福传承经典福禄葫芦足金黄金项链F234569,https://img.alicdn.com/bao/uploaded/O1CN0193DDKJ1QoaGOzoIj0_!!6000000002023-0-yinhe.jpg,周大福传承,10153.48,1件9.7折,黄金,1,hedonic_symbolic,享乐+symbolic,symbolic,93,时尚/珠宝/腕表/美妆等符号性品类；品牌具备品味、身份或地位信号；产品本体可表达审美、身份或成就,raw_catalog
101383,null,周大福传承经典传承葫芦福禄双全足金黄金吊坠项链套链F235492,https://img.alicdn.com/bao/uploaded/O1CN01d1ryGa1QwN0qPHM4Z_!!6000000002040-0-yinhe.jpg,周大福传承,18477.88,1件9.5折,黄金,1,hedonic_symbolic,享乐+symbolic,symbolic,93,时尚/珠宝/腕表/美妆等符号性品类；品牌具备品味、身份或地位信号；产品本体可表达审美、身份或成就,raw_catalog
107439,null,周大福传承经典传承福镯黄金足金大克重实心手镯F209000礼物,https://img.alicdn.com/bao/uploaded/O1CN01ncDYfT1RHQxmurtDE_!!6000000002086-0-yinhe.jpg,周大福传承,43665.29,1件9.5折,黄金,1,hedonic_symbolic,享乐+symbolic,symbolic,93,时尚/珠宝/腕表/美妆等符号性品类；品牌具备品味、身份或地位信号；产品本体可表达审美、身份或成就,raw_catalog
107459,null,周大福传承经典传承福镯黄金足金实心手镯F222999礼物,https://img.alicdn.com/bao/uploaded/O1CN012iApEY1KSF0Am3eJb_!!6000000001162-0-yinhe.jpg,周大福传承,18822.41,1件9.5折,黄金,1,hedonic_symbolic,享乐+symbolic,symbolic,93,时尚/珠宝/腕表/美妆等符号性品类；品牌具备品味、身份或地位信号；产品本体可表达审美、身份或成就,raw_catalog
104342,null,【新品】COACH/蔻驰奥莱女士HERITAGE 宽松舒适大衣外套设计感,https://img.alicdn.com/bao/uploaded/O1CN01trO22d1rvRpIrFoBz_!!6000000005693-0-yinhe.jpg,COACH/蔻驰,1689,官方8.5折,女装/女士精品,1,hedonic_symbolic,享乐+symbolic,symbolic,81,时尚/珠宝/腕表/美妆等符号性品类；品牌具备品味、身份或地位信号；产品本体可表达审美、身份或成就,raw_catalog
95598,null,【新品】COACH/蔻驰奥莱女士绗缝短夹克保暖短款棉质外套粉色,https://img.alicdn.com/bao/uploaded/O1CN01hHQjkh1teA6BEuucy_!!6000000005926-0-yinhe.jpg,COACH/蔻驰,1476.5,官方8.5折,女装/女士精品,1,hedonic_symbolic,享乐+symbolic,symbolic,81,时尚/珠宝/腕表/美妆等符号性品类；品牌具备品味、身份或地位信号；产品本体可表达审美、身份或成就,raw_catalog
102931,null,【明星同款】CL/路铂廷MISS Z 女士高跟鞋单鞋红底鞋,https://img.alicdn.com/bao/uploaded/O1CN01ur5eeb1IkuA8BhLVK_!!6000000000932-0-yinhe.jpg,Christian Louboutin/路铂廷,7900,,女鞋,1,hedonic_symbolic,享乐+symbolic,symbolic,81,时尚/珠宝/腕表/美妆等符号性品类；品牌具备品味、身份或地位信号；产品本体可表达审美、身份或成就,raw_catalog
105425,null,CL/路铂廷KATE 85经典女鞋尖头细跟高跟鞋婚鞋红底鞋,https://img.alicdn.com/bao/uploaded/O1CN01nGHfBi1H1jCeTaT2p_!!6000000000698-0-yinhe.jpg,Christian Louboutin/路铂廷,6900,,女鞋,1,hedonic_symbolic,享乐+symbolic,symbolic,81,时尚/珠宝/腕表/美妆等符号性品类；品牌具备品味、身份或地位信号；产品本体可表达审美、身份或成就,raw_catalog
16437,102386,CL/路铂廷KATE 70经典女鞋尖头细跟高跟鞋婚鞋红底鞋,https://img.alicdn.com/bao/uploaded/O1CN01P0QyHy1FasN8OH2Gl_!!6000000000504-0-yinhe.jpg,Christian Louboutin/路铂廷,6900,,女鞋,1,hedonic_symbolic,享乐+symbolic,symbolic,81,时尚/珠宝/腕表/美妆等符号性品类；品牌具备品味、身份或地位信号；产品本体可表达审美、身份或成就,raw_catalog
16452,102386,CL/路铂廷IRIZA 85经典女鞋尖头高跟鞋婚鞋红底鞋,https://img.alicdn.com/bao/uploaded/O1CN01aqzbz81GH0oG0shJ1_!!6000000000596-0-yinhe.jpg,Christian Louboutin/路铂廷,6900,,女鞋,1,hedonic_symbolic,享乐+symbolic,symbolic,81,时尚/珠宝/腕表/美妆等符号性品类；品牌具备品味、身份或地位信号；产品本体可表达审美、身份或成就,raw_catalog
17424,102386,【杨幂同款】CL/路铂廷 KATE 女鞋尖头细跟高跟鞋婚鞋红底鞋,https://img.alicdn.com/bao/uploaded/O1CN01MbFDY61TlmhcJb4Fy_!!6000000002423-0-yinhe.jpg,Christian Louboutin/路铂廷,6900,,女鞋,1,hedonic_symbolic,享乐+symbolic,symbolic,81,时尚/珠宝/腕表/美妆等符号性品类；品牌具备品味、身份或地位信号；产品本体可表达审美、身份或成就,raw_catalog
100211,null,【618狂欢节】BYREDO柏芮朵 北国之春/纯真年代/莫哈维之影香水,https://img.alicdn.com/bao/uploaded/O1CN01GtgOXi1IS7mc5rL7J_!!6000000000891-0-yinhe.jpg,BYREDO/柏芮朵,1580,,彩妆/香水/美妆工具,1,hedonic_symbolic,享乐+symbolic,symbolic,81,时尚/珠宝/腕表/美妆等符号性品类；品牌具备品味、身份或地位信号；产品本体可表达审美、身份或成就,raw_catalog
108230,null,【618狂欢节】BYREDO柏芮朵 纯真年代淡香精/典藏版香水 白色浪漫,https://img.alicdn.com/bao/uploaded/O1CN01amuOH01jwLLaQP7jr_!!6000000004612-0-yinhe.jpg,BYREDO/柏芮朵,1580,,彩妆/香水/美妆工具,1,hedonic_symbolic,享乐+symbolic,symbolic,81,时尚/珠宝/腕表/美妆等符号性品类；品牌具备品味、身份或地位信号；产品本体可表达审美、身份或成就,raw_catalog
108596,null,【618狂欢节】BYREDO柏芮朵 北国之春香水 50/100ml 超级雪松,https://img.alicdn.com/bao/uploaded/O1CN01uzS0DT29DAZ6gUXmr_!!6000000008033-0-yinhe.jpg,BYREDO/柏芮朵,1580,,彩妆/香水/美妆工具,1,hedonic_symbolic,享乐+symbolic,symbolic,81,时尚/珠宝/腕表/美妆等符号性品类；品牌具备品味、身份或地位信号；产品本体可表达审美、身份或成就,raw_catalog
16461,102386,【618抢先购】BYREDO柏芮朵 无人之境淡香精香水 无人区玫瑰,https://img.alicdn.com/bao/uploaded/O1CN01LYu1uM29Lroa1yUuQ_!!6000000008052-0-yinhe.jpg,BYREDO/柏芮朵,1580,,彩妆/香水/美妆工具,1,hedonic_symbolic,享乐+symbolic,symbolic,81,时尚/珠宝/腕表/美妆等符号性品类；品牌具备品味、身份或地位信号；产品本体可表达审美、身份或成就,raw_catalog
65671,null,【618抢先购】BYREDO柏芮朵 莫哈维之影/典藏版香水淡 荒漠孤魂,https://img.alicdn.com/bao/uploaded/O1CN01ItI8zw1XzIVuarnCB_!!6000000002994-0-yinhe.jpg,BYREDO/柏芮朵,1580,,彩妆/香水/美妆工具,1,hedonic_symbolic,享乐+symbolic,symbolic,81,时尚/珠宝/腕表/美妆等符号性品类；品牌具备品味、身份或地位信号；产品本体可表达审美、身份或成就,raw_catalog
95987,null,【618狂欢节】BYREDO柏芮朵 香氛礼盒套装12ml*3 香水便携装 正品,https://img.alicdn.com/bao/uploaded/O1CN012jeooN1CDZVE43ewc_!!6000000000047-0-yinhe.jpg,BYREDO/柏芮朵,1200,,彩妆/香水/美妆工具,1,hedonic_symbolic,享乐+symbolic,symbolic,81,时尚/珠宝/腕表/美妆等符号性品类；品牌具备品味、身份或地位信号；产品本体可表达审美、身份或成就,raw_catalog
106133,null,【618即刻抢购】阿玛尼王牌星品礼盒口红香水气垫彩妆礼盒送女友,https://img.alicdn.com/bao/uploaded/O1CN01AsKjvV1JHsbajeih9_!!6000000001004-2-yinhe.png,GIORGIO ARMANI/阿玛尼,2015,,彩妆/香水/美妆工具,1,hedonic_symbolic,享乐+symbolic,symbolic,81,时尚/珠宝/腕表/美妆等符号性品类；品牌具备品味、身份或地位信号；产品本体可表达审美、身份或成就,raw_catalog
94028,null,【618狂欢节】GUCCI古驰明星香水口红礼盒 217 217玫瑰奶栗,https://img.alicdn.com/bao/uploaded/O1CN01on557O22mFg8vZuzr_!!6000000007162-0-yinhe.jpg,Gucci/古驰,1615,,彩妆/香水/美妆工具,1,hedonic_symbolic,享乐+symbolic,symbolic,81,时尚/珠宝/腕表/美妆等符号性品类；品牌具备品味、身份或地位信号；产品本体可表达审美、身份或成就,raw_catalog
99994,null,【618狂欢节】GUCCI古驰炼金士花园系列香水沐光橙香水,https://img.alicdn.com/bao/uploaded/O1CN01lByPIZ1Hg27kNjNLw_!!6000000000786-0-yinhe.jpg,Gucci/古驰,1520,,彩妆/香水/美妆工具,1,hedonic_symbolic,享乐+symbolic,symbolic,81,时尚/珠宝/腕表/美妆等符号性品类；品牌具备品味、身份或地位信号；产品本体可表达审美、身份或成就,raw_catalog
105650,null,【618狂欢节】潘海利根兽首玫瑰公爵小姐香水玫瑰香水木质香女香,https://img.alicdn.com/bao/uploaded/O1CN01tCOTJD1KFsQ5ubfsG_!!6000000001135-0-yinhe.jpg,Penhaligon‘s/潘海利根,2525,,彩妆/香水/美妆工具,1,hedonic_symbolic,享乐+symbolic,symbolic,81,时尚/珠宝/腕表/美妆等符号性品类；品牌具备品味、身份或地位信号；产品本体可表达审美、身份或成就,raw_catalog
105754,null,【618狂欢节】潘海利根兽首家族全系列香水75ML鹿首狐狸男女,https://img.alicdn.com/bao/uploaded/O1CN0183Sy8A22UqMa2Kgiw_!!6000000007124-0-yinhe.jpg,Penhaligon‘s/潘海利根,2525,,彩妆/香水/美妆工具,1,hedonic_symbolic,享乐+symbolic,symbolic,81,时尚/珠宝/腕表/美妆等符号性品类；品牌具备品味、身份或地位信号；产品本体可表达审美、身份或成就,raw_catalog
65492,null,【自营】潘海利根肖像兽首系列香水75ml花果香木质调生日礼物送礼,https://img.alicdn.com/bao/uploaded/O1CN01jGMcPk1c7massUStr_!!6000000003554-0-yinhe.jpg,Penhaligon‘s/潘海利根,1829,每件直降271元,彩妆/香水/美妆工具,1,hedonic_symbolic,享乐+symbolic,symbolic,81,时尚/珠宝/腕表/美妆等符号性品类；品牌具备品味、身份或地位信号；产品本体可表达审美、身份或成就,raw_catalog
1552938,104460,阿尔法蛋词典笔D1英语点读笔通用单词笔扫描翻译笔专用学习笔,https://img.alicdn.com/bao/uploaded/O1CN01HaREPO1VO5H0sJUO8_!!6000000002642-0-yinhe.jpg,ALPHA EGG/阿尔法蛋,219,,办公设备/耗材/相关服务,1,strict_utilitarian_no_symbolic,实用无symbolic,functional,68,实用/清洁/家电/医疗/办公类品类；核心价值是任务完成、清洁、护理或效率；低到中价位降低身份信号,raw_catalog
62621,null,PG845 CL846连喷加墨墨盒845s黑色彩色原装升级适用佳能TS3380 2400 3480 3180 MG2580s 3080  TR4580打印机,https://img.alicdn.com/bao/uploaded/O1CN01gdOQEb24jca848q1n_!!6000000007427-0-yinhe.jpg,Akouta/秋田,134,满100减5,办公设备/耗材/相关服务,1,strict_utilitarian_no_symbolic,实用无symbolic,functional,68,实用/清洁/家电/医疗/办公类品类；核心价值是任务完成、清洁、护理或效率；低到中价位降低身份信号,raw_catalog
243,null,奥美亚打印机清洗液适用惠普803打印机清洗液佳能ts3180喷头清洗液连供墨水清洗液兼容爱普生打印机清洗液,https://img.alicdn.com/bao/uploaded/O1CN01y3zdAY1ktszdY40lJ_!!6000000004742-0-yinhe.jpg,Aomya 奥美亚,6.72,官方8.5折,办公设备/耗材/相关服务,1,strict_utilitarian_no_symbolic,实用无symbolic,functional,68,实用/清洁/家电/医疗/办公类品类；核心价值是任务完成、清洁、护理或效率；低到中价位降低身份信号,raw_catalog
728,6,彩格适用惠普m1136硒鼓CC388A HP1108 p1106 1007 p1008 388a m1213nf 1216nfh墨盒m126a/nw打印机88a晒鼓MFP,https://img.alicdn.com/bao/uploaded/O1CN010t9Lrs25Hy7bmYWGK_!!6000000007502-0-yinhe.jpg,CHG/彩格,19.1,,办公设备/耗材/相关服务,1,strict_utilitarian_no_symbolic,实用无symbolic,functional,68,实用/清洁/家电/医疗/办公类品类；核心价值是任务完成、清洁、护理或效率；低到中价位降低身份信号,raw_catalog
33811,110046,Canon佳能RP-108相纸6寸CP1300 CP1500 CP1200 照片打印机相片纸KP-108IN原装照片纸5寸KL36色带3寸KC36墨盒,https://img.alicdn.com/bao/uploaded/O1CN01D1TqpC1sywGPxLa64_!!6000000005836-0-yinhe.jpg,Canon/佳能,65,官方8.5折,办公设备/耗材/相关服务,1,strict_utilitarian_no_symbolic,实用无symbolic,functional,68,实用/清洁/家电/医疗/办公类品类；核心价值是任务完成、清洁、护理或效率；低到中价位降低身份信号,raw_catalog
289,null,CtrlP适用佳能ip100墨盒ip110打印机墨盒PGI-35BK墨盒CLI-36C墨盒 CANON PIXMA TR150 mini320 260便携打印机,https://img.alicdn.com/bao/uploaded/i1/6000000000188/O1CN01umtXFq1DG96ZlOTou_!!6000000000188-0-yinhe.jpg,Ctrl P/凯瑞德,4.76,官方立减0.84元,办公设备/耗材/相关服务,1,strict_utilitarian_no_symbolic,实用无symbolic,functional,68,实用/清洁/家电/医疗/办公类品类；核心价值是任务完成、清洁、护理或效率；低到中价位降低身份信号,raw_catalog
1388455,90329,适用hp惠普M1213nf硒鼓易加粉mfp打印机M1216nfh墨盒laserjet pro,https://img.alicdn.com/bao/uploaded/O1CN01rDjMqK1mn8W1gD0Jg_!!6000000004998-0-yinhe.jpg,HP/惠普,39,,办公设备/耗材/相关服务,1,strict_utilitarian_no_symbolic,实用无symbolic,functional,68,实用/清洁/家电/医疗/办公类品类；核心价值是任务完成、清洁、护理或效率；低到中价位降低身份信号,raw_catalog
1409514,80005,原装 惠普802墨盒 hp1010 1050 1510 2050打印机墨盒 黑彩大容量,https://img.alicdn.com/bao/uploaded/O1CN0116m67N1UbzYcZXHiA_!!6000000002537-0-yinhe.jpg,HP/惠普,59.34,1件8.6折,办公设备/耗材/相关服务,1,strict_utilitarian_no_symbolic,实用无symbolic,functional,68,实用/清洁/家电/医疗/办公类品类；核心价值是任务完成、清洁、护理或效率；低到中价位降低身份信号,raw_catalog
1409560,"680,005,805,468,570,000,000",原装惠普703墨盒 HP K109A k209A K510 F735打印机墨盒 黑色彩色,https://img.alicdn.com/bao/uploaded/O1CN01mPaHax254E8cH9MBG_!!6000000007472-0-yinhe.jpg,HP/惠普,19.78,1件8.6折,办公设备/耗材/相关服务,1,strict_utilitarian_no_symbolic,实用无symbolic,functional,68,实用/清洁/家电/医疗/办公类品类；核心价值是任务完成、清洁、护理或效率；低到中价位降低身份信号,raw_catalog
1558658,102388,惠普2332打印机学生家用小型打印复印扫描办公彩色照片a4喷墨一体机wifi可连手机无线远程家庭作业办公用1212,https://img.alicdn.com/bao/uploaded/O1CN01V4tF1H1wE047w1GPZ_!!6000000006275-0-yinhe.jpg,HP/惠普,317,满400减120,办公设备/耗材/相关服务,1,strict_utilitarian_no_symbolic,实用无symbolic,functional,68,实用/清洁/家电/医疗/办公类品类；核心价值是任务完成、清洁、护理或效率；低到中价位降低身份信号,raw_catalog
98903,null,【自营】雅培瞬感动态血糖传感器探头免采血不扎手指测血糖仪家用,https://img.alicdn.com/bao/uploaded/O1CN016ezRjQ29GNFJe30VP_!!6000000008040-0-yinhe.jpg,Abbott/雅培,345,每件直降28元,医疗器械,1,strict_utilitarian_no_symbolic,实用无symbolic,functional,68,实用/清洁/家电/医疗/办公类品类；核心价值是任务完成、清洁、护理或效率；低到中价位降低身份信号,raw_catalog
12727,110046,欧姆龙电子血压计臂式血压测量仪高精准家用正品测压仪7136升级款,https://img.alicdn.com/bao/uploaded/O1CN01WrXiKY205XUjUFT7D_!!6000000006798-0-yinhe.jpg,Omron/欧姆龙,339,官方立减110元,医疗器械,1,strict_utilitarian_no_symbolic,实用无symbolic,functional,68,实用/清洁/家电/医疗/办公类品类；核心价值是任务完成、清洁、护理或效率；低到中价位降低身份信号,raw_catalog
1539639,104460,欧姆龙血血糖用品血糖仪631-A血糖仪家用测试高精准糖尿病,https://img.alicdn.com/bao/uploaded/O1CN01JrusCT1Ii9hGYEuyz_!!6000000000926-0-yinhe.jpg,Omron/欧姆龙,109,,医疗器械,1,strict_utilitarian_no_symbolic,实用无symbolic,functional,68,实用/清洁/家电/医疗/办公类品类；核心价值是任务完成、清洁、护理或效率；低到中价位降低身份信号,raw_catalog
79416,null,【自营】sterimar舒德尔玛小海豚婴幼儿清洁鼻喷奶嘴喷头洗鼻器*4,https://img.alicdn.com/bao/uploaded/O1CN01j7OmoB28YPE3BxfAK_!!6000000007944-0-yinhe.jpg,STERIMAR,204.9,1件7折,医疗器械,1,strict_utilitarian_no_symbolic,实用无symbolic,functional,68,实用/清洁/家电/医疗/办公类品类；核心价值是任务完成、清洁、护理或效率；低到中价位降低身份信号,raw_catalog
1560729,102386,舒德尔玛洗鼻器小海豚婴幼儿天然生理性海盐水清洁鼻腔喷雾100ml,https://img.alicdn.com/bao/uploaded/O1CN013vXufk1eizibeuAEs_!!6000000003906-0-yinhe.jpg,STERIMAR（医药）,46.73,1件8.7折,医疗器械,1,strict_utilitarian_no_symbolic,实用无symbolic,functional,68,实用/清洁/家电/医疗/办公类品类；核心价值是任务完成、清洁、护理或效率；低到中价位降低身份信号,raw_catalog
1546159,104460,三诺EA-11尿酸测试仪家用高精准双功能测尿酸的仪器血糖试纸条,https://img.alicdn.com/bao/uploaded/O1CN01wfNPIb29lWDVJ0TPe_!!6000000008108-0-yinhe.jpg,三诺,58,,医疗器械,1,strict_utilitarian_no_symbolic,实用无symbolic,functional,68,实用/清洁/家电/医疗/办公类品类；核心价值是任务完成、清洁、护理或效率；低到中价位降低身份信号,raw_catalog
35027,110046,凯莱宝轮椅国家补贴轻便折叠小型老人专用旅行便携式手推车代步车,https://img.alicdn.com/bao/uploaded/O1CN01t6pnRR1fATiVghVg4_!!6000000003966-0-yinhe.jpg,凯莱宝,374,满350减12,医疗器械,1,strict_utilitarian_no_symbolic,实用无symbolic,functional,68,实用/清洁/家电/医疗/办公类品类；核心价值是任务完成、清洁、护理或效率；低到中价位降低身份信号,raw_catalog
1389729,104460,可孚生理盐水洗鼻医用婴幼儿童宝宝鼻腔清洁鼻塞通鼻小支15ml42支,https://img.alicdn.com/bao/uploaded/O1CN01YyaLVf1kdOuPfTNgw_!!6000000004706-2-yinhe.png,可孚,59.9,,医疗器械,1,strict_utilitarian_no_symbolic,实用无symbolic,functional,68,实用/清洁/家电/医疗/办公类品类；核心价值是任务完成、清洁、护理或效率；低到中价位降低身份信号,raw_catalog
64631,null,国药健康吸益吸雾化器口气清新口腔喷雾神器薄荷医用电子版吐气棒,https://img.alicdn.com/bao/uploaded/O1CN01LJHLJ41jTUkcr7UDf_!!6000000004549-0-yinhe.jpg,吸益吸旗舰店,114,满120减15,医疗器械,1,strict_utilitarian_no_symbolic,实用无symbolic,functional,68,实用/清洁/家电/医疗/办公类品类；核心价值是任务完成、清洁、护理或效率；低到中价位降低身份信号,raw_catalog
64765,null,国药健康吸益吸口腔雾化器口气清新便携医用吐气棒电子版喷雾神器,https://img.alicdn.com/bao/uploaded/O1CN01dJVVxP1W0Yir16en7_!!6000000002726-0-yinhe.jpg,吸益吸旗舰店,114,满120减15,医疗器械,1,strict_utilitarian_no_symbolic,实用无symbolic,functional,68,实用/清洁/家电/医疗/办公类品类；核心价值是任务完成、清洁、护理或效率；低到中价位降低身份信号,raw_catalog
1245558,104460,德国BRITA碧然德滤水壶净水壶设计师绿3.5L+标准版滤芯1壶4芯组合,https://img.alicdn.com/bao/uploaded/O1CN01XSwKWV27u6KmDX0sj_!!6000000007856-0-yinhe.jpg,BRITA/碧然德,198,,厨房/烹饪用具,1,strict_utilitarian_no_symbolic,实用无symbolic,functional,68,实用/清洁/家电/医疗/办公类品类；核心价值是任务完成、清洁、护理或效率；低到中价位降低身份信号,raw_catalog
1466,null,德国正品BRITA碧然德家用滤水壶净水壶滤芯Maxtra三代多效1枚装,https://img.alicdn.com/bao/uploaded/O1CN01du8wBO1nOEPg6ACWu_!!6000000005079-0-yinhe.jpg,BRITA/碧然德,53,,厨房/烹饪用具,1,strict_utilitarian_no_symbolic,实用无symbolic,functional,68,实用/清洁/家电/医疗/办公类品类；核心价值是任务完成、清洁、护理或效率；低到中价位降低身份信号,raw_catalog
1554264,104460,德国BRITA碧然德净水器滤芯家用Maxtra加强效减少水垢滤芯厨房,https://img.alicdn.com/bao/uploaded/O1CN01QsuR3c20nVGuDl6kR_!!6000000006894-0-yinhe.jpg,BRITA/碧然德,302,,厨房/烹饪用具,1,strict_utilitarian_no_symbolic,实用无symbolic,functional,68,实用/清洁/家电/医疗/办公类品类；核心价值是任务完成、清洁、护理或效率；低到中价位降低身份信号,raw_catalog
49298,6,【自营】Brita Maxtra碧然德滤芯滤水壶净水壶过滤芯壶芯12只德国,https://img.alicdn.com/bao/uploaded/O1CN01or9TYT1PV3kbm3k8F_!!6000000001845-2-yinhe.png,BRITA/碧然德,289,补贴125元,厨房/烹饪用具,1,strict_utilitarian_no_symbolic,实用无symbolic,functional,68,实用/清洁/家电/医疗/办公类品类；核心价值是任务完成、清洁、护理或效率；低到中价位降低身份信号,raw_catalog
1235148,104460,包邮 本王厨房水槽置物架台面碗盘收纳多功能洗碗架碗碟架沥水架,https://img.alicdn.com/bao/uploaded/O1CN011Y6cy3Vt00gZnri_!!6000000003010-2-yinhe.png,BW/本王,159,,厨房/烹饪用具,1,strict_utilitarian_no_symbolic,实用无symbolic,functional,68,实用/清洁/家电/医疗/办公类品类；核心价值是任务完成、清洁、护理或效率；低到中价位降低身份信号,raw_catalog
1548039,104460,免打孔旋转挂钩厨房用品收纳家用多功能锅铲置物神器勺子铲子挂架,https://img.alicdn.com/bao/uploaded/O1CN01ZJSCfh1NaR3yo5Qx9_!!6000000001586-0-yinhe.jpg,BW/本王,54.9,,厨房/烹饪用具,1,strict_utilitarian_no_symbolic,实用无symbolic,functional,68,实用/清洁/家电/医疗/办公类品类；核心价值是任务完成、清洁、护理或效率；低到中价位降低身份信号,raw_catalog
337285,6,德国倍世4.2L净水壶过滤器滤水壶净水器家用自来水过滤器1壶1芯,https://img.alicdn.com/bao/uploaded/O1CN01WlKp2A20jNwPs5efB_!!6000000006885-0-yinhe.jpg,BWT,109,下单立减120元,厨房/烹饪用具,1,strict_utilitarian_no_symbolic,实用无symbolic,functional,68,实用/清洁/家电/医疗/办公类品类；核心价值是任务完成、清洁、护理或效率；低到中价位降低身份信号,raw_catalog
1552636,104460,小熊抽水器桶装水电动上水器饮水机吸水器抽水泵矿泉水桶取水器,https://img.alicdn.com/bao/uploaded/O1CN01FZzfvp1aQtzLigLgx_!!6000000003325-0-yinhe.jpg,Bear/小熊,79,,厨房/烹饪用具,1,strict_utilitarian_no_symbolic,实用无symbolic,functional,68,实用/清洁/家电/医疗/办公类品类；核心价值是任务完成、清洁、护理或效率；低到中价位降低身份信号,raw_catalog
1552622,104460,卡贝304不锈钢厨房置物架抹布收纳沥水架水龙头洗菜洗碗水槽神器,https://img.alicdn.com/bao/uploaded/O1CN01HIwiIC1r5EigJiU6t_!!6000000005579-0-yinhe.jpg,Cobbe/卡贝,59,,厨房/烹饪用具,1,strict_utilitarian_no_symbolic,实用无symbolic,functional,68,实用/清洁/家电/医疗/办公类品类；核心价值是任务完成、清洁、护理或效率；低到中价位降低身份信号,raw_catalog
57005,null,康巴赫高压锅家用304不锈钢压力锅燃气电磁炉通用防爆官方旗舰店,https://img.alicdn.com/bao/uploaded/O1CN01s5UgTw1VEvSJbJAnF_!!6000000002622-0-yinhe.jpg,KBH/康巴赫,361.1,满500减70,厨房/烹饪用具,1,strict_utilitarian_no_symbolic,实用无symbolic,functional,68,实用/清洁/家电/医疗/办公类品类；核心价值是任务完成、清洁、护理或效率；低到中价位降低身份信号,raw_catalog
1243559,89512,日本正负零即热式饮水机家用小型桌面恒温热水壶台式热水机饮水器,https://img.alicdn.com/bao/uploaded/O1CN014aLPlR1Rc34f6DybA_!!6000000002131-0-yinhe.jpg,0/加减零,480,满520减400,厨房电器,1,strict_utilitarian_no_symbolic,实用无symbolic,functional,68,实用/清洁/家电/医疗/办公类品类；核心价值是任务完成、清洁、护理或效率；低到中价位降低身份信号,raw_catalog
103910,"661,705",奥克斯立式智能饮水机家用下置水桶冷热多功能全自动桶装水茶吧机,https://img.alicdn.com/bao/uploaded/O1CN016XsVTJ1q1jrXEcVqP_!!6000000005436-0-yinhe.jpg,AUX/奥克斯,148,满100减46,厨房电器,1,strict_utilitarian_no_symbolic,实用无symbolic,functional,68,实用/清洁/家电/医疗/办公类品类；核心价值是任务完成、清洁、护理或效率；低到中价位降低身份信号,raw_catalog
14064,"611,004,661,705",奥克斯净水器家用直饮厨房自来水商用过滤器超滤前置厨下式净水机,https://img.alicdn.com/bao/uploaded/O1CN01CT9pa01cAzD9C08bj_!!6000000003561-0-yinhe.jpg,AUX/奥克斯,368,满600减170,厨房电器,1,strict_utilitarian_no_symbolic,实用无symbolic,functional,68,实用/清洁/家电/医疗/办公类品类；核心价值是任务完成、清洁、护理或效率；低到中价位降低身份信号,raw_catalog
1560927,102386,奥克斯电热水壶家用恒温烧水壶全自动保温一体开水壶小型便携宿舍,https://img.alicdn.com/bao/uploaded/O1CN01lKPaRO230RlaIfCqs_!!6000000007193-0-yinhe.jpg,AUX/奥克斯,46.94,补贴20元,厨房电器,1,strict_utilitarian_no_symbolic,实用无symbolic,functional,68,实用/清洁/家电/医疗/办公类品类；核心价值是任务完成、清洁、护理或效率；低到中价位降低身份信号,raw_catalog
1561189,102386,波咯咯恒温电热水壶婴儿智能泡奶机一键自动冲奶神器调奶器饮水机,https://img.alicdn.com/bao/uploaded/O1CN01VSBnpd1ujU2I2bsrp_!!6000000006073-0-yinhe.jpg,BOLOLO/波咯咯,359,补贴120元,厨房电器,1,strict_utilitarian_no_symbolic,实用无symbolic,functional,68,实用/清洁/家电/医疗/办公类品类；核心价值是任务完成、清洁、护理或效率；低到中价位降低身份信号,raw_catalog
1563533,102386,波咯咯恒温壶保温杯婴儿专用外出冲泡奶无线便携式调奶器电热水壶,https://img.alicdn.com/bao/uploaded/O1CN01MYSltj1xS1yUFTzoA_!!6000000006441-0-yinhe.jpg,BOLOLO/波咯咯,341,补贴159元,厨房电器,1,strict_utilitarian_no_symbolic,实用无symbolic,functional,68,实用/清洁/家电/医疗/办公类品类；核心价值是任务完成、清洁、护理或效率；低到中价位降低身份信号,raw_catalog
104553,null,BRITA碧然德设计师滤水壶净水器家用净水壶滤芯设计师系列套组,https://img.alicdn.com/bao/uploaded/O1CN01tfBn7A1TVIRQfMrgl_!!6000000002387-0-yinhe.jpg,BRITA/碧然德,153,直降50元,厨房电器,1,strict_utilitarian_no_symbolic,实用无symbolic,functional,68,实用/清洁/家电/医疗/办公类品类；核心价值是任务完成、清洁、护理或效率；低到中价位降低身份信号,raw_catalog
103469,6,小熊电饭煲1-2到3人小型家用多功能智能烹饪机迷你小微压力电饭锅,https://img.alicdn.com/bao/uploaded/O1CN01cBONdO25HVtyhXmsw_!!6000000007501-0-yinhe.jpg,Bear/小熊,89,下单立减50元,厨房电器,1,strict_utilitarian_no_symbolic,实用无symbolic,functional,68,实用/清洁/家电/医疗/办公类品类；核心价值是任务完成、清洁、护理或效率；低到中价位降低身份信号,raw_catalog
104020,61705,小熊迷你铁釜电饭煲1到2到3人电饭锅小型宿舍家用多功能快煮饭锅,https://img.alicdn.com/bao/uploaded/O1CN01jFhdpL1LCVI5J3sCE_!!6000000001263-0-yinhe.jpg,Bear/小熊,209,满219减140,厨房电器,1,strict_utilitarian_no_symbolic,实用无symbolic,functional,68,实用/清洁/家电/医疗/办公类品类；核心价值是任务完成、清洁、护理或效率；低到中价位降低身份信号,raw_catalog
106101,"661,705",小熊烧水壶电热水壶热水壶家用保温一体电水壶开水壶煮水壶新款,https://img.alicdn.com/bao/uploaded/O1CN012WE5XY29pBSNv8Tut_!!6000000008116-0-yinhe.jpg,Bear/小熊,59,满79减2,厨房电器,1,strict_utilitarian_no_symbolic,实用无symbolic,functional,68,实用/清洁/家电/医疗/办公类品类；核心价值是任务完成、清洁、护理或效率；低到中价位降低身份信号,raw_catalog
1250382,"680,546",志高8.2/10KG全自动洗衣机家用小型大容量波轮租房宿舍用洗烘一体,https://img.alicdn.com/bao/uploaded/O1CN01Loj79525akTkDQp1e_!!6000000007543-0-yinhe.jpg,Chigo/志高,349,,大家电,1,strict_utilitarian_no_symbolic,实用无symbolic,functional,68,实用/清洁/家电/医疗/办公类品类；核心价值是任务完成、清洁、护理或效率；低到中价位降低身份信号,raw_catalog
1539100,80548,配件包邮TCL移动空调系列KY-25/VY KYR-36/WEY等主机接头窗户挡板,https://img.alicdn.com/bao/uploaded/O1CN01QeeXOk1iMKqajv2oo_!!6000000004398-0-yinhe.jpg,TCL,21,满10减2,大家电,1,strict_utilitarian_no_symbolic,实用无symbolic,functional,68,实用/清洁/家电/医疗/办公类品类；核心价值是任务完成、清洁、护理或效率；低到中价位降低身份信号,raw_catalog
107812,null,【拍1发2】babysheep科学家拉拉裤XL婴儿纸尿裤干爽婴儿尿不湿,https://img.alicdn.com/bao/uploaded/O1CN01TLGavg21QR8yZ9bnI_!!6000000006979-0-yinhe.jpg,BABY SHEEP,79,满219减107,婴童尿裤,1,strict_utilitarian_no_symbolic,实用无symbolic,functional,68,实用/清洁/家电/医疗/办公类品类；核心价值是任务完成、清洁、护理或效率；低到中价位降低身份信号,raw_catalog
108449,"400,561,703",Babysheep果维C桑蚕丝拉拉裤XL超薄柔软干爽透气纸尿裤婴儿尿不湿,https://img.alicdn.com/bao/uploaded/O1CN01S7ULMv1GeNIgecKta_!!6000000000647-0-yinhe.jpg,BABY SHEEP,26.9,满300减274,婴童尿裤,1,strict_utilitarian_no_symbolic,实用无symbolic,functional,68,实用/清洁/家电/医疗/办公类品类；核心价值是任务完成、清洁、护理或效率；低到中价位降低身份信号,raw_catalog
17931,"410,238,661,703",【拍1发2】Babysheep天使桑蚕丝拉拉裤XL 超薄柔软干爽透气尿不湿,https://img.alicdn.com/bao/uploaded/O1CN01goCYZe1cAzR2Pn7zv_!!6000000003561-0-yinhe.jpg,BABY SHEEP,79,满219减107,婴童尿裤,1,strict_utilitarian_no_symbolic,实用无symbolic,functional,68,实用/清洁/家电/医疗/办公类品类；核心价值是任务完成、清洁、护理或效率；低到中价位降低身份信号,raw_catalog
100204,null,BUBU风吹麦浪纸尿裤拉拉裤风感超薄高透气婴儿尿不湿囤货装,https://img.alicdn.com/bao/uploaded/O1CN01bMVZUx1s6tkyAf2SY_!!6000000005718-2-yinhe.png,BUBU（母婴）,76,1件8.1折,婴童尿裤,1,strict_utilitarian_no_symbolic,实用无symbolic,functional,68,实用/清洁/家电/医疗/办公类品类；核心价值是任务完成、清洁、护理或效率；低到中价位降低身份信号,raw_catalog
103349,6,【百亿补贴】BUBU风吹麦浪纸尿裤拉拉裤高透气风感超薄婴儿尿不湿,https://img.alicdn.com/bao/uploaded/O1CN01pINatp2A1YDvmfKUK_!!6000000008143-0-yinhe.jpg,BUBU（母婴）,45,补贴30元,婴童尿裤,1,strict_utilitarian_no_symbolic,实用无symbolic,functional,68,实用/清洁/家电/医疗/办公类品类；核心价值是任务完成、清洁、护理或效率；低到中价位降低身份信号,raw_catalog
193083,"6,104,460",BUBU丝绸之路纸尿裤S-2XL拉拉裤L-4XL蚕丝蛋白防敏尿不湿单包装,https://img.alicdn.com/bao/uploaded/O1CN01brfEtb1VHfuSEnztV_!!6000000002628-0-yinhe.jpg,BUBU（母婴）,110,,婴童尿裤,1,strict_utilitarian_no_symbolic,实用无symbolic,functional,68,实用/清洁/家电/医疗/办公类品类；核心价值是任务完成、清洁、护理或效率；低到中价位降低身份信号,raw_catalog
96765,null,【淘宝秒杀】BUBU丝绸之路纸尿裤拉拉裤防敏护臀尿不湿2包装,https://img.alicdn.com/bao/uploaded/O1CN01ySN24p1rbkoIhFOqo_!!6000000005650-0-yinhe.jpg,BUBU（母婴）,84.55,直降4.45元,婴童尿裤,1,strict_utilitarian_no_symbolic,实用无symbolic,functional,68,实用/清洁/家电/医疗/办公类品类；核心价值是任务完成、清洁、护理或效率；低到中价位降低身份信号,raw_catalog
97159,null,BUBU丝绸之路纸尿裤拉拉裤蚕丝蛋白透气防敏婴儿尿不湿包装,https://img.alicdn.com/bao/uploaded/O1CN01Dj1o9e1cTJGcfBrBq_!!6000000003601-0-yinhe.jpg,BUBU（母婴）,49,1件9.9折,婴童尿裤,1,strict_utilitarian_no_symbolic,实用无symbolic,functional,68,实用/清洁/家电/医疗/办公类品类；核心价值是任务完成、清洁、护理或效率；低到中价位降低身份信号,raw_catalog
21951,102386,倍康柔软纸尿裤6片装超薄透气拉拉裤新生婴儿尿布湿宝宝试用装,https://img.alicdn.com/bao/uploaded/O1CN01s83oHC1nysMJPnAb1_!!6000000005159-0-yinhe.jpg,BaKen/倍康,6.9,直降3元,婴童尿裤,1,strict_utilitarian_no_symbolic,实用无symbolic,functional,68,实用/清洁/家电/医疗/办公类品类；核心价值是任务完成、清洁、护理或效率；低到中价位降低身份信号,raw_catalog
25087,102386,倍康柔薄纸尿裤新生儿透气拉拉裤试用装男女宝宝尿不湿4片装国货,https://img.alicdn.com/bao/uploaded/O1CN01kiev4D1glPL4k6Yij_!!6000000004182-0-yinhe.jpg,BaKen/倍康,4.9,直降2元,婴童尿裤,1,strict_utilitarian_no_symbolic,实用无symbolic,functional,68,实用/清洁/家电/医疗/办公类品类；核心价值是任务完成、清洁、护理或效率；低到中价位降低身份信号,raw_catalog
109100,null,3M思高百洁布厨房海绵百洁擦5片装*2洗碗布抹布,https://img.alicdn.com/bao/uploaded/O1CN014RRlby1vbzPyiLAsz_!!6000000006192-2-yinhe.png,3M,21.7,下单立减4.1元,家庭/个人清洁工具,1,strict_utilitarian_no_symbolic,实用无symbolic,functional,68,实用/清洁/家电/医疗/办公类品类；核心价值是任务完成、清洁、护理或效率；低到中价位降低身份信号,raw_catalog
110223,null,3M思高抹布易洁耐用型厨房洗碗布去污厨房抹布擦手巾清洁巾,https://img.alicdn.com/bao/uploaded/O1CN01biZAJB1LKkPCqIElo_!!6000000001281-2-yinhe.png,3M,9.9,下单立减5元,家庭/个人清洁工具,1,strict_utilitarian_no_symbolic,实用无symbolic,functional,68,实用/清洁/家电/医疗/办公类品类；核心价值是任务完成、清洁、护理或效率；低到中价位降低身份信号,raw_catalog
1539020,104460,3M思高合宜旋风清洁拖旋转家用懒人拖把T0干湿两用强劲去污,https://img.alicdn.com/bao/uploaded/O1CN01F0xNAk1NUwUFDx6G3_!!6000000001574-2-yinhe.png,3M,154,,家庭/个人清洁工具,1,strict_utilitarian_no_symbolic,实用无symbolic,functional,68,实用/清洁/家电/医疗/办公类品类；核心价值是任务完成、清洁、护理或效率；低到中价位降低身份信号,raw_catalog
1554458,104460,3M思高餐饮高效百洁布经久耐用强力去污厨房清洁洗碗布抹布20片装,https://img.alicdn.com/bao/uploaded/i4/725677994/O1CN01TjLX1X28vJ3WxQcMK_!!2-item_pic.png,3M,55,,家庭/个人清洁工具,1,strict_utilitarian_no_symbolic,实用无symbolic,functional,68,实用/清洁/家电/医疗/办公类品类；核心价值是任务完成、清洁、护理或效率；低到中价位降低身份信号,raw_catalog
64959,null,3M思高合宜旋风清洁拖旋转家用懒人拖把T0干湿两用强劲去污,https://img.alicdn.com/bao/uploaded/O1CN01C0zNAU1DwHx6tgb9u_!!6000000000280-0-yinhe.jpg,3M,169,,家庭/个人清洁工具,1,strict_utilitarian_no_symbolic,实用无symbolic,functional,68,实用/清洁/家电/医疗/办公类品类；核心价值是任务完成、清洁、护理或效率；低到中价位降低身份信号,raw_catalog
51612,null,珊瑚绒波浪纹抹布厨房吸水洗碗布清洁布阳离子加厚抹布百洁布,https://img.alicdn.com/bao/uploaded/O1CN01hYO2Un1GQdQdqr6bo_!!6000000000617-0-yinhe.jpg,AISEN,3.5,直降1.49元,家庭/个人清洁工具,1,strict_utilitarian_no_symbolic,实用无symbolic,functional,68,实用/清洁/家电/医疗/办公类品类；核心价值是任务完成、清洁、护理或效率；低到中价位降低身份信号,raw_catalog
96469,6,【618现货】AMIRO觅光包包镜化妆镜带灯手提化妆包便携梳妆镜子,https://img.alicdn.com/bao/uploaded/O1CN01T0APPf276BN06M0Fy_!!6000000007747-0-yinhe.jpg,AMIRO/觅光,469,满799减210,家庭/个人清洁工具,1,strict_utilitarian_no_symbolic,实用无symbolic,functional,68,实用/清洁/家电/医疗/办公类品类；核心价值是任务完成、清洁、护理或效率；低到中价位降低身份信号,raw_catalog
1560838,102386,【官方正品】Aveda艾梵达头皮按摩气垫梳蓬松造型气囊按摩梳,https://img.alicdn.com/bao/uploaded/O1CN01EYLZsy25DOK9Ru48m_!!6000000007492-0-yinhe.jpg,Aveda/艾凡达,185,,家庭/个人清洁工具,1,strict_utilitarian_no_symbolic,实用无symbolic,functional,68,实用/清洁/家电/医疗/办公类品类；核心价值是任务完成、清洁、护理或效率；低到中价位降低身份信号,raw_catalog
99155,6,【618火速抢购】Aveda艾梵达头皮按摩气垫梳蓬松造型气囊按摩梳,https://img.alicdn.com/bao/uploaded/O1CN01EYLZsy25DOK9Ru48m_!!6000000007492-0-yinhe.jpg,Aveda/艾凡达,185,,家庭/个人清洁工具,1,strict_utilitarian_no_symbolic,实用无symbolic,functional,68,实用/清洁/家电/医疗/办公类品类；核心价值是任务完成、清洁、护理或效率；低到中价位降低身份信号,raw_catalog
64053,null,高分子超细滑牙线棒1盒50支盒装便携式清洁牙齿家用牙签不,https://img.alicdn.com/bao/uploaded/O1CN01geHZla1iVUsH3P3Jt_!!6000000004418-0-yinhe.jpg,BOUSSAC（厨房用品）,3.01,直降2.35元,家庭/个人清洁工具,1,strict_utilitarian_no_symbolic,实用无symbolic,functional,68,实用/清洁/家电/医疗/办公类品类；核心价值是任务完成、清洁、护理或效率；低到中价位降低身份信号,raw_catalog
59502,null,多巴胺洗澡提篮浴筐收纳小篮子挂篮澡篮手提洗浴浴室宿舍洗漱拎篮,https://img.alicdn.com/bao/uploaded/O1CN015KsjUU1dhnPkXJqf2_!!6000000003768-0-yinhe.jpg,ASZLSNA,21.1,官方8.5折,收纳整理,1,strict_utilitarian_no_symbolic,实用无symbolic,functional,68,实用/清洁/家电/医疗/办公类品类；核心价值是任务完成、清洁、护理或效率；低到中价位降低身份信号,raw_catalog
4213,89512,吧唧收纳盒透明谷子徽章展示架桌面分格动漫周边咕卡小痛柜整理盒,https://img.alicdn.com/bao/uploaded/O1CN01b2UcHp1RTnwT2EaJD_!!6000000002113-0-yinhe.jpg,COSMOS美居,12.6,官方8.5折,收纳整理,1,strict_utilitarian_no_symbolic,实用无symbolic,functional,68,实用/清洁/家电/医疗/办公类品类；核心价值是任务完成、清洁、护理或效率；低到中价位降低身份信号,raw_catalog
102645,null,卡瑞琪手摇升降晾衣架阳台室内家用晾衣杆G06,https://img.alicdn.com/bao/uploaded/O1CN01RBAu3o1pWb8Xb5uXh_!!6000000005368-0-yinhe.jpg,COURAGE/卡瑞琪,163,,收纳整理,1,strict_utilitarian_no_symbolic,实用无symbolic,functional,68,实用/清洁/家电/医疗/办公类品类；核心价值是任务完成、清洁、护理或效率；低到中价位降低身份信号,raw_catalog
31073,"6,110,046",升降晾衣架手摇器阳台室内家用晾衣杆神器自动顶装手动晒衣架凉衣,https://img.alicdn.com/bao/uploaded/O1CN016RIy9f1EpFREOW4b8_!!6000000000400-2-yinhe.png,COURAGE/卡瑞琪,163,满220减30,收纳整理,1,strict_utilitarian_no_symbolic,实用无symbolic,functional,68,实用/清洁/家电/医疗/办公类品类；核心价值是任务完成、清洁、护理或效率；低到中价位降低身份信号,raw_catalog
1555769,104460,卡贝裤架裤夹家用带夹子衣架多功能挂衣架裤挂防滑裤夹子包邮,https://img.alicdn.com/bao/uploaded/O1CN01gXAMPZ1M2iA7An169_!!6000000001377-0-yinhe.jpg,Cobbe/卡贝,79,,收纳整理,1,strict_utilitarian_no_symbolic,实用无symbolic,functional,68,实用/清洁/家电/医疗/办公类品类；核心价值是任务完成、清洁、护理或效率；低到中价位降低身份信号,raw_catalog
63600,null,包边固定夹 透明塑料不伤布料定位夹 拼布夹子代替珠针带刻度定位,https://img.alicdn.com/bao/uploaded/O1CN01UdEu7t1af69x0Uehe_!!6000000003356-0-yinhe.jpg,DIY,0.35,,收纳整理,1,strict_utilitarian_no_symbolic,实用无symbolic,functional,68,实用/清洁/家电/医疗/办公类品类；核心价值是任务完成、清洁、护理或效率；低到中价位降低身份信号,raw_catalog
20350,102386,抽屉内分格收纳盒内置分隔伸缩化妆品口红分类梳妆台深柜隔板宿舍,https://img.alicdn.com/bao/uploaded/O1CN01xpua5m1uTSUyUVnFO_!!6000000006038-0-yinhe.jpg,DOCOXO/稻草熊,10.9,直降8.23元,收纳整理,1,strict_utilitarian_no_symbolic,实用无symbolic,functional,68,实用/清洁/家电/医疗/办公类品类；核心价值是任务完成、清洁、护理或效率；低到中价位降低身份信号,raw_catalog
1409281,"680,005",收纳博士抽真空压缩袋旅行收纳被子衣服羽绒服出差行李箱专用袋子,https://img.alicdn.com/bao/uploaded/O1CN01fgKxmv1pwFCxZyuDk_!!6000000005424-0-yinhe.jpg,DR．STORAGE/收纳博士,5.9,直降10元,收纳整理,1,strict_utilitarian_no_symbolic,实用无symbolic,functional,68,实用/清洁/家电/医疗/办公类品类；核心价值是任务完成、清洁、护理或效率；低到中价位降低身份信号,raw_catalog
18337,102386,抽真空压缩袋整理袋被子专用收纳衣服神器密封羽绒服抽气防潮行李,https://img.alicdn.com/bao/uploaded/O1CN01yXdFPQ1nTH0FNjPZ1_!!6000000005090-0-yinhe.jpg,DR．STORAGE/收纳博士,2.87,直降0.42元,收纳整理,1,strict_utilitarian_no_symbolic,实用无symbolic,functional,68,实用/清洁/家电/医疗/办公类品类；核心价值是任务完成、清洁、护理或效率；低到中价位降低身份信号,raw_catalog
54413,null,收纳博士羽绒服抽真空压缩收纳袋挂式装衣服衣柜整理加厚专用神器,https://img.alicdn.com/bao/uploaded/O1CN01YwXKbA20Oly8wp1v2_!!6000000006840-0-yinhe.jpg,DR．STORAGE/收纳博士,4.99,直降0.01元,收纳整理,1,strict_utilitarian_no_symbolic,实用无symbolic,functional,68,实用/清洁/家电/医疗/办公类品类；核心价值是任务完成、清洁、护理或效率；低到中价位降低身份信号,raw_catalog
1387364,"800,058,570,790,329",奔驰玻璃水汽车原厂原装专用冬夏季浓缩型去油清洁剂雨刮精浓缩液,https://img.alicdn.com/bao/uploaded/O1CN01LRceVU1lxNmMUE6lS_!!6000000004885-0-yinhe.jpg,4S,20,满22减2,汽车零部件/养护/美容/维保,1,strict_utilitarian_no_symbolic,实用无symbolic,functional,68,实用/清洁/家电/医疗/办公类品类；核心价值是任务完成、清洁、护理或效率；低到中价位降低身份信号,raw_catalog
1388471,90329,柠檬百丽珠清洁剂多功能护理喷蜡保养表板蜡汽车专用内饰翻新上光,https://img.alicdn.com/bao/uploaded/O1CN018sqA1g1C5KJKHm3yg_!!6000000000029-0-yinhe.jpg,Botny/保赐利,7.8,,汽车零部件/养护/美容/维保,1,strict_utilitarian_no_symbolic,实用无symbolic,functional,68,实用/清洁/家电/医疗/办公类品类；核心价值是任务完成、清洁、护理或效率；低到中价位降低身份信号,raw_catalog
1240238,102386,汽车玻璃水四季通用防冻冬季雨刷精挡风玻璃清洁去油膜虫胶雨刮水,https://img.alicdn.com/bao/uploaded/O1CN01PUrB7R1yYGtvzL5bh_!!6000000006590-0-yinhe.jpg,DREAMCAR,8.5,补贴5元,汽车零部件/养护/美容/维保,1,strict_utilitarian_no_symbolic,实用无symbolic,functional,68,实用/清洁/家电/医疗/办公类品类；核心价值是任务完成、清洁、护理或效率；低到中价位降低身份信号,raw_catalog
1552372,80005,大众朗逸捷达帕萨特宝来途观高尔夫途岳探歌迈腾速马勒空调滤芯器,https://img.alicdn.com/bao/uploaded/O1CN01ui4Gjb25Zpc9wE27F_!!6000000007541-2-yinhe.png,MAHLE/马勒,32,,汽车零部件/养护/美容/维保,1,strict_utilitarian_no_symbolic,实用无symbolic,functional,68,实用/清洁/家电/医疗/办公类品类；核心价值是任务完成、清洁、护理或效率；低到中价位降低身份信号,raw_catalog
1536200,80005,适用于比亚迪15-16款速锐秦/G5/E5/宋/元活性炭空调滤芯滤清器格,https://img.alicdn.com/bao/uploaded/TB1T3o6JkL0gK0jSZFxSutWHVXa.jpg,嘉福威,10,,汽车零部件/养护/美容/维保,1,strict_utilitarian_no_symbolic,实用无symbolic,functional,68,实用/清洁/家电/医疗/办公类品类；核心价值是任务完成、清洁、护理或效率；低到中价位降低身份信号,raw_catalog
1537927,80005,适用于大众 99新秀 98-12款老桑塔纳普桑 空气滤清器空气滤芯空滤,https://img.alicdn.com/bao/uploaded/i3/1645866765/O1CN01JnsqX91zqPzMtxuku_!!2-item_pic.png,嘉福威,12,,汽车零部件/养护/美容/维保,1,strict_utilitarian_no_symbolic,实用无symbolic,functional,68,实用/清洁/家电/医疗/办公类品类；核心价值是任务完成、清洁、护理或效率；低到中价位降低身份信号,raw_catalog
348,null,适配10-18款雪佛兰新赛欧 赛欧3 新凯越1.5 乐风RV空调滤芯清器格,https://img.alicdn.com/bao/uploaded/i4/1645866765/O1CN01E5u6Fv1zqPzU8t4Gq_!!2-item_pic.png,嘉福威,17,,汽车零部件/养护/美容/维保,1,strict_utilitarian_no_symbolic,实用无symbolic,functional,68,实用/清洁/家电/医疗/办公类品类；核心价值是任务完成、清洁、护理或效率；低到中价位降低身份信号,raw_catalog
1250896,102386,固特威汽车内饰清洁镀膜湿巾车用皮革深度清洁养护去污神器表板蜡,https://img.alicdn.com/bao/uploaded/O1CN01YV2OVo1lKSAnHBLLs_!!6000000004800-0-yinhe.jpg,固特威,24.9,补贴5元,汽车零部件/养护/美容/维保,1,strict_utilitarian_no_symbolic,实用无symbolic,functional,68,实用/清洁/家电/医疗/办公类品类；核心价值是任务完成、清洁、护理或效率；低到中价位降低身份信号,raw_catalog
109438,6,%Arabica阿拉比卡精品咖啡豆意式新鲜烘焙200g,https://img.alicdn.com/bao/uploaded/O1CN013oUAN41S9w5wXDbRV_!!6000000002205-0-yinhe.jpg,%ARABICA,118,官方8.5折,咖啡/麦片/冲饮,1,hedonic_no_symbolic,享乐无symbolic,experiential,67,食品饮品/香氛/玩乐/氛围类品类；核心价值是口味、气味、玩乐、氛围或感官体验；价格区间较少承载身份信号,raw_catalog
50314,null,%Arabica阿拉比卡百分百咖啡豆黑巧拼配手磨精品拿铁新鲜烘焙600g,https://img.alicdn.com/bao/uploaded/O1CN01ct9cZu1H41HKrdDdj_!!6000000000703-0-yinhe.jpg,%ARABICA,313,官方8.5折,咖啡/麦片/冲饮,1,hedonic_no_symbolic,享乐无symbolic,experiential,67,食品饮品/香氛/玩乐/氛围类品类；核心价值是口味、气味、玩乐、氛围或感官体验；价格区间较少承载身份信号,raw_catalog
1229,null,5100西藏冰川矿泉水整箱瓶装天然低氘弱碱性高端饮用水低氘水,https://img.alicdn.com/bao/uploaded/O1CN01AMOYS220fGLAZzFOq_!!6000000006876-0-yinhe.jpg,5100,117.5,,咖啡/麦片/冲饮,1,hedonic_no_symbolic,享乐无symbolic,experiential,67,食品饮品/香氛/玩乐/氛围类品类；核心价值是口味、气味、玩乐、氛围或感官体验；价格区间较少承载身份信号,raw_catalog
1329,null,5100西藏冰川矿泉水大瓶大桶装泡茶天然纯净饮用低氘水,https://img.alicdn.com/bao/uploaded/O1CN01aL3DIU1MJetvsl1qc_!!6000000001414-0-yinhe.jpg,5100,109.65,,咖啡/麦片/冲饮,1,hedonic_no_symbolic,享乐无symbolic,experiential,67,食品饮品/香氛/玩乐/氛围类品类；核心价值是口味、气味、玩乐、氛围或感官体验；价格区间较少承载身份信号,raw_catalog
1536729,104460,5100西藏冰川矿泉水整箱大瓶装水大桶装泡茶天然纯净饮用低氘水,https://img.alicdn.com/bao/uploaded/O1CN01aL3DIU1MJetvsl1qc_!!6000000001414-0-yinhe.jpg,5100,123,,咖啡/麦片/冲饮,1,hedonic_no_symbolic,享乐无symbolic,experiential,67,食品饮品/香氛/玩乐/氛围类品类；核心价值是口味、气味、玩乐、氛围或感官体验；价格区间较少承载身份信号,raw_catalog
1536912,104460,5100西藏冰川矿泉水整箱批特价小瓶装天然低氘弱碱性高端饮用水,https://img.alicdn.com/bao/uploaded/O1CN01AMOYS220fGLAZzFOq_!!6000000006876-0-yinhe.jpg,5100,131.1,,咖啡/麦片/冲饮,1,hedonic_no_symbolic,享乐无symbolic,experiential,67,食品饮品/香氛/玩乐/氛围类品类；核心价值是口味、气味、玩乐、氛围或感官体验；价格区间较少承载身份信号,raw_catalog
30829,110046,aokka耶加雪菲soe意式咖啡豆浅中深度烘焙新鲜咖啡粉现磨手冲美式,https://img.alicdn.com/bao/uploaded/O1CN01sHkr401MOhPGM910H_!!6000000001425-2-yinhe.png,AOKKA/澳帝焙,44.2,官方8.5折,咖啡/麦片/冲饮,1,hedonic_no_symbolic,享乐无symbolic,experiential,67,食品饮品/香氛/玩乐/氛围类品类；核心价值是口味、气味、玩乐、氛围或感官体验；价格区间较少承载身份信号,raw_catalog
1251194,104460,ASIA/亚洲碳酸饮料经典沙示汽水装沙士可乐广州老字号,https://img.alicdn.com/bao/uploaded/O1CN01bL0T4m1OCuBPJRsOw_!!6000000001670-0-yinhe.jpg,ASIA/亚洲（食品）,62,,咖啡/麦片/冲饮,1,hedonic_no_symbolic,享乐无symbolic,experiential,67,食品饮品/香氛/玩乐/氛围类品类；核心价值是口味、气味、玩乐、氛围或感官体验；价格区间较少承载身份信号,raw_catalog
65260,null,雅培港版低糖加营素进口成人中老年奶粉均衡营养粉香草味850g,https://img.alicdn.com/bao/uploaded/O1CN01It9KOT1UXs33Wp7Es_!!6000000002528-0-yinhe.jpg,Abbott/雅培,398.8,,咖啡/麦片/冲饮,1,hedonic_no_symbolic,享乐无symbolic,experiential,67,食品饮品/香氛/玩乐/氛围类品类；核心价值是口味、气味、玩乐、氛围或感官体验；价格区间较少承载身份信号,raw_catalog
65463,null,雅培港版金装加营素进口成人中老年奶粉均衡营养粉香草味900g,https://img.alicdn.com/bao/uploaded/O1CN01gbPXZL1puPj8u4OK3_!!6000000005420-0-yinhe.jpg,Abbott/雅培,245,,咖啡/麦片/冲饮,1,hedonic_no_symbolic,享乐无symbolic,experiential,67,食品饮品/香氛/玩乐/氛围类品类；核心价值是口味、气味、玩乐、氛围或感官体验；价格区间较少承载身份信号,raw_catalog
110429,null,CITTA西苔旷野秘境扩香石香薰礼盒精油香氛家用高级摆件毕业礼物,https://img.alicdn.com/bao/uploaded/O1CN01A2aI7621mQ7Tb38oT_!!6000000007027-0-yinhe.jpg,CITTA/西苔,169,官方8.5折,家居饰品,1,hedonic_no_symbolic,享乐无symbolic,experiential,67,食品饮品/香氛/玩乐/氛围类品类；核心价值是口味、气味、玩乐、氛围或感官体验；价格区间较少承载身份信号,raw_catalog
111,102386,CITTA西苔旋转烛台香薰蜡烛浮雕香氛摆件送女友生日礼物乔迁礼物,https://img.alicdn.com/bao/uploaded/O1CN01CnGcu31eKj1qbCmek_!!6000000003853-0-yinhe.jpg,CITTA/西苔,99,补贴30元,家居饰品,1,hedonic_no_symbolic,享乐无symbolic,experiential,67,食品饮品/香氛/玩乐/氛围类品类；核心价值是口味、气味、玩乐、氛围或感官体验；价格区间较少承载身份信号,raw_catalog
1232649,102386,CITTA西苔金山玫瑰扩香石礼盒植物精油晶石香薰家居摆件生日礼物,https://img.alicdn.com/bao/uploaded/O1CN01ziPEzj28gC51eV8tp_!!6000000007961-0-yinhe.jpg,CITTA/西苔,199,补贴60元,家居饰品,1,hedonic_no_symbolic,享乐无symbolic,experiential,67,食品饮品/香氛/玩乐/氛围类品类；核心价值是口味、气味、玩乐、氛围或感官体验；价格区间较少承载身份信号,raw_catalog
142174,102386,CITTA西苔大地无火香薰家用房间持久香氛卧室香氛摆件藤条除味,https://img.alicdn.com/bao/uploaded/O1CN01PEXElK1D6X8Hd5m2D_!!6000000000167-0-yinhe.jpg,CITTA/西苔,69.5,官方8.8折,家居饰品,1,hedonic_no_symbolic,享乐无symbolic,experiential,67,食品饮品/香氛/玩乐/氛围类品类；核心价值是口味、气味、玩乐、氛围或感官体验；价格区间较少承载身份信号,raw_catalog
1542442,102386,CITTA西苔禅香木盖无火香薰植物精油室内家用香氛七夕情人节礼物,https://img.alicdn.com/bao/uploaded/O1CN01oMoJPY1sKB9eIKJME_!!6000000005747-0-yinhe.jpg,CITTA/西苔,77.4,官方8.8折,家居饰品,1,hedonic_no_symbolic,享乐无symbolic,experiential,67,食品饮品/香氛/玩乐/氛围类品类；核心价值是口味、气味、玩乐、氛围或感官体验；价格区间较少承载身份信号,raw_catalog
1254117,"6,102,386",艾玛莫莉momo香氛玩偶毕业毛绒公仔生日礼物女薰衣草车载香薰礼盒,https://img.alicdn.com/bao/uploaded/O1CN01AmF9Zk21xs6S3xRCM_!!6000000007052-2-yinhe.png,EMMA MOLLY/艾玛莫莉,122.32,补贴16.68元,家居饰品,1,hedonic_no_symbolic,享乐无symbolic,experiential,67,食品饮品/香氛/玩乐/氛围类品类；核心价值是口味、气味、玩乐、氛围或感官体验；价格区间较少承载身份信号,raw_catalog
1560876,102386,HarborHouse美式家居花瓶摆件客厅插花摆件陶瓷复古轻奢Saphire,https://img.alicdn.com/bao/uploaded/O1CN01G8SvKh29xsl4BNrdW_!!6000000008135-0-yinhe.jpg,Harbor House,80,限时优惠15元,家居饰品,1,hedonic_no_symbolic,享乐无symbolic,experiential,67,食品饮品/香氛/玩乐/氛围类品类；核心价值是口味、气味、玩乐、氛围或感官体验；价格区间较少承载身份信号,raw_catalog
1561007,102386,HarborHouse美式家居花瓶摆件客厅插花陶瓷轻奢高级感复古Lunar,https://img.alicdn.com/bao/uploaded/O1CN01uFe2sE1ksy5b49ku7_!!6000000004740-0-yinhe.jpg,Harbor House,378,满400减20,家居饰品,1,hedonic_no_symbolic,享乐无symbolic,experiential,67,食品饮品/香氛/玩乐/氛围类品类；核心价值是口味、气味、玩乐、氛围或感官体验；价格区间较少承载身份信号,raw_catalog
1562276,102386,Harbor House美式家居花瓶摆件客厅插花陶瓷轻奢高级摆件Ripana,https://img.alicdn.com/bao/uploaded/O1CN013bsktD23vEmAOQcHW_!!6000000007317-0-yinhe.jpg,Harbor House,181,限时优惠19元,家居饰品,1,hedonic_no_symbolic,享乐无symbolic,experiential,67,食品饮品/香氛/玩乐/氛围类品类；核心价值是口味、气味、玩乐、氛围或感官体验；价格区间较少承载身份信号,raw_catalog
21420,102386,Harbor House美式家居假花仿真花摆设轻奢高端玫瑰花花艺绢花装饰,https://img.alicdn.com/bao/uploaded/O1CN01SiOvSa1Hv9CJ5BuDm_!!6000000000819-0-yinhe.jpg,Harbor House,126.1,1件9.5折,家居饰品,1,hedonic_no_symbolic,享乐无symbolic,experiential,67,食品饮品/香氛/玩乐/氛围类品类；核心价值是口味、气味、玩乐、氛围或感官体验；价格区间较少承载身份信号,raw_catalog
102159,null,8H凉感被A类冰皮果冻被芯夏被空调被夏季冰淇淋可水洗机洗夏凉被,https://img.alicdn.com/bao/uploaded/O1CN01r8ejEY1qKWJ9MMLEH_!!6000000005477-0-yinhe.jpg,8h,139,,床上用品,1,hedonic_no_symbolic,享乐无symbolic,experiential,67,食品饮品/香氛/玩乐/氛围类品类；核心价值是口味、气味、玩乐、氛围或感官体验；价格区间较少承载身份信号,raw_catalog
760907,6,奥若拉豆豆茶叶茉莉花枕2025新款,https://img.alicdn.com/bao/uploaded/O1CN01jnb6ds1qrxDwgCdc6_!!6000000005550-0-yinhe.jpg,AORUOLA HOME TEXTILE/奥若拉,38.7,官方8.8折,床上用品,1,hedonic_no_symbolic,享乐无symbolic,experiential,67,食品饮品/香氛/玩乐/氛围类品类；核心价值是口味、气味、玩乐、氛围或感官体验；价格区间较少承载身份信号,raw_catalog
93991,null,一默空调被夏凉被冰丝凉感被冰淇淋PRO可机洗夏被薄款夏凉被双人,https://img.alicdn.com/bao/uploaded/O1CN01C4BwQP1chxx3lg1OC_!!6000000003633-0-yinhe.jpg,一默,119,满200减30,床上用品,1,hedonic_no_symbolic,享乐无symbolic,experiential,67,食品饮品/香氛/玩乐/氛围类品类；核心价值是口味、气味、玩乐、氛围或感官体验；价格区间较少承载身份信号,raw_catalog
95137,null,一默空调被凉感被冰丝冰淇淋PRO夏凉被空调被被芯可机洗薄被宿舍,https://img.alicdn.com/bao/uploaded/O1CN01gYkNLd23YneQhkGEy_!!6000000007268-0-yinhe.jpg,一默,119,满200减30,床上用品,1,hedonic_no_symbolic,享乐无symbolic,experiential,67,食品饮品/香氛/玩乐/氛围类品类；核心价值是口味、气味、玩乐、氛围或感官体验；价格区间较少承载身份信号,raw_catalog
43947,null,夏天凉枕头竹凉枕成人用学生夏季凉爽茶叶藤枕头冰丝麻将凉席枕头,https://img.alicdn.com/bao/uploaded/O1CN011gorH124KtFHYu8WJ_!!6000000007373-0-yinhe.jpg,思媛,19.9,,床上用品,1,hedonic_no_symbolic,享乐无symbolic,experiential,67,食品饮品/香氛/玩乐/氛围类品类；核心价值是口味、气味、玩乐、氛围或感官体验；价格区间较少承载身份信号,raw_catalog
1259491,89512,紫罗兰花草茶叶保健夏凉枕头护颈椎助眠凉席冰丝凉枕竹枕荞麦枕芯,https://img.alicdn.com/bao/uploaded/O1CN01z4J0FC1fhSGHtFAIw_!!6000000004038-0-yinhe.jpg,紫罗兰,29,,床上用品,1,hedonic_no_symbolic,享乐无symbolic,experiential,67,食品饮品/香氛/玩乐/氛围类品类；核心价值是口味、气味、玩乐、氛围或感官体验；价格区间较少承载身份信号,raw_catalog
1541433,102386,奥迪双钻 铠甲勇士 刑天 铠魂 修罗铠甲 成品 可动模型 人偶 玩具,https://img.alicdn.com/bao/uploaded/O1CN01DbQrGI1cgagpdV12s_!!6000000003630-2-yinhe.png,AULDEY/奥迪双钻,249,,模玩/动漫/周边/娃圈三坑/桌游,1,hedonic_no_symbolic,享乐无symbolic,experiential,67,食品饮品/香氛/玩乐/氛围类品类；核心价值是口味、气味、玩乐、氛围或感官体验；价格区间较少承载身份信号,raw_catalog
1563381,102386,奥迪双钻小马宝莉花花魔法棒友谊派对可爱桌面摆件女孩玩具仙女棒,https://img.alicdn.com/bao/uploaded/O1CN01rFmr3D1baLmgEIZuU_!!6000000003481-2-yinhe.png,AULDEY/奥迪双钻,49,满69减20,模玩/动漫/周边/娃圈三坑/桌游,1,hedonic_no_symbolic,享乐无symbolic,experiential,67,食品饮品/香氛/玩乐/氛围类品类；核心价值是口味、气味、玩乐、氛围或感官体验；价格区间较少承载身份信号,raw_catalog
1545357,102386,TOPTOY猪猪侠猪咪毛绒盲盒可爱猪猪侠男神玩偶公仔挂件七夕礼物,https://img.alicdn.com/bao/uploaded/O1CN0168B3Mn1buVCKUqEL6_!!6000000003525-2-yinhe.png,TOPTOY（玩具）,39.03,满58减5,模玩/动漫/周边/娃圈三坑/桌游,1,hedonic_no_symbolic,享乐无symbolic,experiential,67,食品饮品/香氛/玩乐/氛围类品类；核心价值是口味、气味、玩乐、氛围或感官体验；价格区间较少承载身份信号,raw_catalog
1545474,102386,TOPTOY黄油小熊百变橱窗系列毛绒盲盒可爱女生七夕礼物,https://img.alicdn.com/bao/uploaded/O1CN01BRgIpG1XqbKDCTANa_!!6000000002975-0-yinhe.jpg,TOPTOY（玩具）,69,,模玩/动漫/周边/娃圈三坑/桌游,1,hedonic_no_symbolic,享乐无symbolic,experiential,67,食品饮品/香氛/玩乐/氛围类品类；核心价值是口味、气味、玩乐、氛围或感官体验；价格区间较少承载身份信号,raw_catalog
74815,6,TOPTOY黄油小熊百变橱窗系列毛绒盲盒可爱女生生日礼物,https://img.alicdn.com/bao/uploaded/O1CN01BRgIpG1XqbKDCTANa_!!6000000002975-0-yinhe.jpg,TOPTOY（玩具）,69,,模玩/动漫/周边/娃圈三坑/桌游,1,hedonic_no_symbolic,享乐无symbolic,experiential,67,食品饮品/香氛/玩乐/氛围类品类；核心价值是口味、气味、玩乐、氛围或感官体验；价格区间较少承载身份信号,raw_catalog
1549015,104460,YOLOPARK变形金刚超能勇士AMK天灾擎天柱黄豹拼装大黄蜂儿童玩具,https://img.alicdn.com/bao/uploaded/i1/725677994/O1CN018PUxIT28vJ7OqNqUz_!!2-item_pic.png,Yolopark,69,,模玩/动漫/周边/娃圈三坑/桌游,1,hedonic_no_symbolic,享乐无symbolic,experiential,67,食品饮品/香氛/玩乐/氛围类品类；核心价值是口味、气味、玩乐、氛围或感官体验；价格区间较少承载身份信号,raw_catalog
30370,"6,110,046",rolife若来超级世界商店盒蛋微缩便利店积木diy小屋玩具儿童礼物,https://img.alicdn.com/bao/uploaded/O1CN01L26nSE26WSF7eBMUp_!!6000000007669-0-yinhe.jpg,rolife/若来,143,官方8.5折,模玩/动漫/周边/娃圈三坑/桌游,1,hedonic_no_symbolic,享乐无symbolic,experiential,67,食品饮品/香氛/玩乐/氛围类品类；核心价值是口味、气味、玩乐、氛围或感官体验；价格区间较少承载身份信号,raw_catalog
1553480,102386,布鲁可奥特曼拼装积木人群星闪耀版迪迦积木拼装玩具手办儿童礼物,https://img.alicdn.com/bao/uploaded/O1CN01hJ8ear1dMj7agzUWV_!!6000000003722-0-yinhe.jpg,布鲁可,36,下单立减20元,模玩/动漫/周边/娃圈三坑/桌游,1,hedonic_no_symbolic,享乐无symbolic,experiential,67,食品饮品/香氛/玩乐/氛围类品类；核心价值是口味、气味、玩乐、氛围或感官体验；价格区间较少承载身份信号,raw_catalog
1250902,102386,【拍18杯更划算-部分退款不发货】八喜冰淇淋65g/60g/75g/68g任选,https://img.alicdn.com/bao/uploaded/O1CN01jCuidl1Bsxk2Ugzqm_!!6000000000002-0-yinhe.jpg,BAXY/八喜,12.1,,水产肉类/新鲜蔬果/熟食,1,hedonic_no_symbolic,享乐无symbolic,experiential,67,食品饮品/香氛/玩乐/氛围类品类；核心价值是口味、气味、玩乐、氛围或感官体验；价格区间较少承载身份信号,raw_catalog
1555355,102386,【淘秒】八喜冰淇淋经典60g*6杯+甜筒68g*6支+随机雪芭65g*3杯,https://img.alicdn.com/bao/uploaded/O1CN01jqYNro28EiO1BLJAd_!!6000000007901-0-yinhe.jpg,BAXY/八喜,79.8,直降101元,水产肉类/新鲜蔬果/熟食,1,hedonic_no_symbolic,享乐无symbolic,experiential,67,食品饮品/香氛/玩乐/氛围类品类；核心价值是口味、气味、玩乐、氛围或感官体验；价格区间较少承载身份信号,raw_catalog
1237735,102386,【推荐】伊利冰淇淋巧乐兹冰工厂伊利牧场多口味雪糕40支组合装,https://img.alicdn.com/bao/uploaded/O1CN01pek1xo1JCqKeuA4qf_!!6000000000993-0-yinhe.jpg,伊利,60,1件减68元,水产肉类/新鲜蔬果/熟食,1,hedonic_no_symbolic,享乐无symbolic,experiential,67,食品饮品/香氛/玩乐/氛围类品类；核心价值是口味、气味、玩乐、氛围或感官体验；价格区间较少承载身份信号,raw_catalog
1557809,102386,【百亿】伊利冰淇淋270g甄稀白桃葡萄草莓香草大杯多口味组合雪糕,https://img.alicdn.com/bao/uploaded/O1CN01YTaaUO1ZSu4d7YcC9_!!6000000003194-0-yinhe.jpg,伊利,62,补贴60元,水产肉类/新鲜蔬果/熟食,1,hedonic_no_symbolic,享乐无symbolic,experiential,67,食品饮品/香氛/玩乐/氛围类品类；核心价值是口味、气味、玩乐、氛围或感官体验；价格区间较少承载身份信号,raw_catalog
1236839,104460,八喜冰淇淋经典六合一香草草莓巧克力朗姆绿茶芒果,https://img.alicdn.com/bao/uploaded/O1CN01ZSANiH1Mnt1BDiCeq_!!6000000001480-0-yinhe.jpg,八喜,66.8,,水产肉类/新鲜蔬果/熟食,1,hedonic_no_symbolic,享乐无symbolic,experiential,67,食品饮品/香氛/玩乐/氛围类品类；核心价值是口味、气味、玩乐、氛围或感官体验；价格区间较少承载身份信号,raw_catalog
104131,6,详情领券199-100 和路雪可爱多草莓香草巧克力甜筒冰淇淋口味任选,https://img.alicdn.com/bao/uploaded/i2/725677994/O1CN01WvIOCb28vJ3kBOr5R_!!2-item_pic.png,和路雪,27.4,下单立减0.5元,水产肉类/新鲜蔬果/熟食,1,hedonic_no_symbolic,享乐无symbolic,experiential,67,食品饮品/香氛/玩乐/氛围类品类；核心价值是口味、气味、玩乐、氛围或感官体验；价格区间较少承载身份信号,raw_catalog
109239,null,详情页领券199-100 王嘉尔推荐和路雪迷你梦龙冰淇淋雪糕口味自选,https://img.alicdn.com/bao/uploaded/i4/725677994/O1CN01IC4fsO28vJ3lskRih_!!2-item_pic.png,和路雪,36.57,下单立减1.33元,水产肉类/新鲜蔬果/熟食,1,hedonic_no_symbolic,享乐无symbolic,experiential,67,食品饮品/香氛/玩乐/氛围类品类；核心价值是口味、气味、玩乐、氛围或感官体验；价格区间较少承载身份信号,raw_catalog
1234898,104460,王嘉尔推荐 五件五折 和路雪迷你梦龙黑巧冰淇淋雪糕口味任选,https://img.alicdn.com/bao/uploaded/O1CN01JeTGXh1GtwjfaZsGh_!!6000000000681-2-yinhe.png,和路雪,65,,水产肉类/新鲜蔬果/熟食,1,hedonic_no_symbolic,享乐无symbolic,experiential,67,食品饮品/香氛/玩乐/氛围类品类；核心价值是口味、气味、玩乐、氛围或感官体验；价格区间较少承载身份信号,raw_catalog
1552977,104460,详情页领券199-100 和路雪迷你梦龙香草冰淇淋雪糕 王嘉尔推荐,https://img.alicdn.com/bao/uploaded/O1CN01lKtV6L1fphPa0EoWl_!!6000000004056-0-yinhe.jpg,和路雪,65,,水产肉类/新鲜蔬果/熟食,1,hedonic_no_symbolic,享乐无symbolic,experiential,67,食品饮品/香氛/玩乐/氛围类品类；核心价值是口味、气味、玩乐、氛围或感官体验；价格区间较少承载身份信号,raw_catalog
64501,61704,【下拉详情领优惠】山东潍坊玉菇甜瓜冰淇淋蜜香瓜大果新鲜水果,https://img.alicdn.com/bao/uploaded/O1CN01ruKMcd1zXeBhgWPeg_!!6000000006724-2-yinhe.png,天猫超市,24.9,直降15元,水产肉类/新鲜蔬果/熟食,1,hedonic_no_symbolic,享乐无symbolic,experiential,67,食品饮品/香氛/玩乐/氛围类品类；核心价值是口味、气味、玩乐、氛围或感官体验；价格区间较少承载身份信号,raw_catalog
95734,6,aarye安野屋水光滋养沐浴露玫瑰香氛清爽保湿控油沐浴露持久留香,https://img.alicdn.com/bao/uploaded/O1CN01crlv021QfQMoNUGbu_!!6000000002003-0-yinhe.jpg,AARYE（美妆）,49,官方立减20元,洗护清洁剂/卫生巾/纸/香薰,1,hedonic_no_symbolic,享乐无symbolic,experiential,67,食品饮品/香氛/玩乐/氛围类品类；核心价值是口味、气味、玩乐、氛围或感官体验；价格区间较少承载身份信号,raw_catalog
102466,null,【下拉领优惠】ABC卫生巾日用64片姨妈巾棉柔透气防漏官方正品,https://img.alicdn.com/bao/uploaded/O1CN018QONWI1QGEau9OpFK_!!6000000001948-0-yinhe.jpg,ABC,38.54,下单立减19.36元,洗护清洁剂/卫生巾/纸/香薰,1,hedonic_no_symbolic,享乐无symbolic,experiential,67,食品饮品/香氛/玩乐/氛围类品类；核心价值是口味、气味、玩乐、氛围或感官体验；价格区间较少承载身份信号,raw_catalog
108419,"1,002",【限时加送】ABC旗舰店卫生巾棉柔轻透薄劲吸防侧漏加长夜用,https://img.alicdn.com/bao/uploaded/O1CN01Q4TLkO1RcVHYvk7oa_!!6000000002132-0-yinhe.jpg,ABC,37.4,满89减39,洗护清洁剂/卫生巾/纸/香薰,1,hedonic_no_symbolic,享乐无symbolic,experiential,67,食品饮品/香氛/玩乐/氛围类品类；核心价值是口味、气味、玩乐、氛围或感官体验；价格区间较少承载身份信号,raw_catalog
109188,"100,261,305",【限时加送】ABC官方旗舰店茶树精华卫生巾透气迷你瞬吸亲肤护垫,https://img.alicdn.com/bao/uploaded/O1CN01XM3NKB1lxq1nJUVdo_!!6000000004886-0-yinhe.jpg,ABC,41.4,满89减35,洗护清洁剂/卫生巾/纸/香薰,1,hedonic_no_symbolic,享乐无symbolic,experiential,67,食品饮品/香氛/玩乐/氛围类品类；核心价值是口味、气味、玩乐、氛围或感官体验；价格区间较少承载身份信号,raw_catalog
1389092,104460,【下拉领优惠ABC夜用安睡裤安心裤型卫生巾防漏M-L24条姨妈巾正品,https://img.alicdn.com/bao/uploaded/O1CN01QrlgGa1Xmw5VdPr3X_!!6000000002967-0-yinhe.jpg,ABC,59.9,,洗护清洁剂/卫生巾/纸/香薰,1,hedonic_no_symbolic,享乐无symbolic,experiential,67,食品饮品/香氛/玩乐/氛围类品类；核心价值是口味、气味、玩乐、氛围或感官体验；价格区间较少承载身份信号,raw_catalog
1548666,104460,ABC12条安心裤安睡裤型卫生巾姨妈巾超长夜用防漏【官方正品】,https://img.alicdn.com/bao/uploaded/O1CN0114R6c227VMzsOPpE8_!!6000000007802-2-yinhe.png,ABC,53.9,,洗护清洁剂/卫生巾/纸/香薰,1,hedonic_no_symbolic,享乐无symbolic,experiential,67,食品饮品/香氛/玩乐/氛围类品类；核心价值是口味、气味、玩乐、氛围或感官体验；价格区间较少承载身份信号,raw_catalog
101406,null,垃圾桶商用餐饮大号厨房带盖大容量卫生间厨余高颜值带轮子户外,https://img.alicdn.com/bao/uploaded/O1CN0142tmmA1EZg1IgCp73_!!6000000000366-2-yinhe.png,ABEPC,18.59,1件8.4折,洗护清洁剂/卫生巾/纸/香薰,1,hedonic_no_symbolic,享乐无symbolic,experiential,67,食品饮品/香氛/玩乐/氛围类品类；核心价值是口味、气味、玩乐、氛围或感官体验；价格区间较少承载身份信号,raw_catalog
3437,89512,脚踏垃圾桶大容量家用厨房带盖大号商用卫生间餐饮办公室大卫生桶,https://img.alicdn.com/bao/uploaded/O1CN01vNuf1U1hs6n1ylwAs_!!6000000004332-0-yinhe.jpg,ABEPC,17,,洗护清洁剂/卫生巾/纸/香薰,1,hedonic_no_symbolic,享乐无symbolic,experiential,67,食品饮品/香氛/玩乐/氛围类品类；核心价值是口味、气味、玩乐、氛围或感官体验；价格区间较少承载身份信号,raw_catalog
59018,null,垃圾桶商用餐饮超大号带盖室内厨房厕所大容量户外高款方形卫生桶,https://img.alicdn.com/bao/uploaded/O1CN01xwDihx1bndE9iCI6y_!!6000000003510-0-yinhe.jpg,ABEPC,16.9,满10减1,洗护清洁剂/卫生巾/纸/香薰,1,hedonic_no_symbolic,享乐无symbolic,experiential,67,食品饮品/香氛/玩乐/氛围类品类；核心价值是口味、气味、玩乐、氛围或感官体验；价格区间较少承载身份信号,raw_catalog
1254209,102386,ACHOTREE吉布森冷香仪香薰机精油雾化扩香机自动喷香机香薰机专用,https://img.alicdn.com/bao/uploaded/O1CN014u8JZF1orptxIDkIO_!!6000000005279-0-yinhe.jpg,ACHOTREE,440.2,满588减89,洗护清洁剂/卫生巾/纸/香薰,1,hedonic_no_symbolic,享乐无symbolic,experiential,67,食品饮品/香氛/玩乐/氛围类品类；核心价值是口味、气味、玩乐、氛围或感官体验；价格区间较少承载身份信号,raw_catalog
1242848,89512,中国积木动漫系列刺客伍六七魔刀千刃玄武国阿柒拼插积木人仔玩具,https://img.alicdn.com/bao/uploaded/O1CN010kwXgY1HhPVvpU9vT_!!6000000000789-0-yinhe.jpg,0803 Toys,12,,玩具/童车/益智/积木/模型,1,hedonic_no_symbolic,享乐无symbolic,experiential,67,食品饮品/香氛/玩乐/氛围类品类；核心价值是口味、气味、玩乐、氛围或感官体验；价格区间较少承载身份信号,raw_catalog
1408591,89512,周岁宝宝聪明门出租抓周礼过葱门仪式感道具木质架子,https://img.alicdn.com/bao/uploaded/O1CN016xYpao27QKfCrnrkW_!!6000000007791-0-yinhe.jpg,400,29.5,,玩具/童车/益智/积木/模型,1,hedonic_no_symbolic,享乐无symbolic,experiential,67,食品饮品/香氛/玩乐/氛围类品类；核心价值是口味、气味、玩乐、氛围或感官体验；价格区间较少承载身份信号,raw_catalog
1408918,89512,抓周道具出租赁ins风男女宝宝一周岁礼套装现代抓阄用品生日布置,https://img.alicdn.com/bao/uploaded/O1CN011VyUFz22t7TfpzbGR_!!6000000007177-0-yinhe.jpg,400,74.9,满80减15,玩具/童车/益智/积木/模型,1,hedonic_no_symbolic,享乐无symbolic,experiential,67,食品饮品/香氛/玩乐/氛围类品类；核心价值是口味、气味、玩乐、氛围或感官体验；价格区间较少承载身份信号,raw_catalog
91607,null,食肉者ACEdc奶盖啪啪币ppb推牌mini迷你随身男减解压磁力指尖玩具,https://img.alicdn.com/bao/uploaded/O1CN017Kzf1h1caAr2XvtsI_!!6000000003616-0-yinhe.jpg,ACEdc Original,298,,玩具/童车/益智/积木/模型,1,hedonic_no_symbolic,享乐无symbolic,experiential,67,食品饮品/香氛/玩乐/氛围类品类；核心价值是口味、气味、玩乐、氛围或感官体验；价格区间较少承载身份信号,raw_catalog
31721,"6,110,046",【六一儿童节礼物】AREAX砖区积木海绵宝宝菠萝屋积木拼装玩具,https://img.alicdn.com/bao/uploaded/O1CN019zylJE285YPhlcH6V_!!6000000007881-0-yinhe.jpg,AREA-X,499,满649减150,玩具/童车/益智/积木/模型,1,hedonic_no_symbolic,享乐无symbolic,experiential,67,食品饮品/香氛/玩乐/氛围类品类；核心价值是口味、气味、玩乐、氛围或感官体验；价格区间较少承载身份信号,raw_catalog
31731,110046,【六一儿童节礼物】AREAX砖区积木海绵宝宝蟹堡王餐厅积木玩具,https://img.alicdn.com/bao/uploaded/O1CN01eLFcG31neGPPw6eif_!!6000000005114-0-yinhe.jpg,AREA-X,409,官方立减80元,玩具/童车/益智/积木/模型,1,hedonic_no_symbolic,享乐无symbolic,experiential,67,食品饮品/香氛/玩乐/氛围类品类；核心价值是口味、气味、玩乐、氛围或感官体验；价格区间较少承载身份信号,raw_catalog
102195,null,【儿童节礼物】奥迪双钻巨神战击队合体变形机器人金刚男孩玩具,https://img.alicdn.com/bao/uploaded/O1CN017NDjOR1dJykGPaziX_!!6000000003716-0-yinhe.jpg,AULDEY/奥迪双钻,99,,玩具/童车/益智/积木/模型,1,hedonic_no_symbolic,享乐无symbolic,experiential,67,食品饮品/香氛/玩乐/氛围类品类；核心价值是口味、气味、玩乐、氛围或感官体验；价格区间较少承载身份信号,raw_catalog
1234450,102386,奥迪双钻超级飞侠大号变形机器人新超级装备金小子乐迪声光玩具,https://img.alicdn.com/bao/uploaded/O1CN01zrh86O1lLMsBdtcP6_!!6000000004802-0-yinhe.jpg,AULDEY/奥迪双钻,109,,玩具/童车/益智/积木/模型,1,hedonic_no_symbolic,享乐无symbolic,experiential,67,食品饮品/香氛/玩乐/氛围类品类；核心价值是口味、气味、玩乐、氛围或感官体验；价格区间较少承载身份信号,raw_catalog
1547021,102386,奥迪双钻超级飞侠大力声光工程卡车玩具小爱冰淇淋车儿童男女玩具,https://img.alicdn.com/bao/uploaded/O1CN01Itpquz1uoz6swnc2U_!!6000000006085-2-yinhe.png,AULDEY/奥迪双钻,139.1,1件9折,玩具/童车/益智/积木/模型,1,hedonic_no_symbolic,享乐无symbolic,experiential,67,食品饮品/香氛/玩乐/氛围类品类；核心价值是口味、气味、玩乐、氛围或感官体验；价格区间较少承载身份信号,raw_catalog
1389590,104460,法拉利车模豪华跑车仿真合金汽车模型儿童玩具男孩六一儿童节礼物,https://img.alicdn.com/bao/uploaded/O1CN01pWPrgx1HGqG2zPrbo_!!6000000000731-0-yinhe.jpg,Anby families/恩贝家族,59,,玩具/童车/益智/积木/模型,1,hedonic_no_symbolic,享乐无symbolic,experiential,67,食品饮品/香氛/玩乐/氛围类品类；核心价值是口味、气味、玩乐、氛围或感官体验；价格区间较少承载身份信号,raw_catalog
1543304,102388,Lipton/立顿茉莉花茶袋泡茶鲜花窨制下午茶自制茉香奶茶,https://img.alicdn.com/bao/uploaded/O1CN01YVsGhb1nlaiv4RjNV_!!6000000005130-0-yinhe.jpg,Lipton/立顿,42.9,下单立减8元,茶,1,hedonic_no_symbolic,享乐无symbolic,experiential,67,食品饮品/香氛/玩乐/氛围类品类；核心价值是口味、气味、玩乐、氛围或感官体验；价格区间较少承载身份信号,raw_catalog
1559088,102386,茉莉绿茶粉原叶萃取速溶无渣冻干花粉茶叶粉奶茶烘焙教师节礼物,https://img.alicdn.com/bao/uploaded/O1CN01zdRiYd21ArdpHw7Yw_!!6000000006945-0-yinhe.jpg,Nodenwell/诺顿维尔,29.16,直降6.84元,茶,1,hedonic_no_symbolic,享乐无symbolic,experiential,67,食品饮品/香氛/玩乐/氛围类品类；核心价值是口味、气味、玩乐、氛围或感官体验；价格区间较少承载身份信号,raw_catalog
1562795,102386,小罐茶Hua花系列玫瑰红茶茉莉花茶桂花乌龙茶叶礼盒装伴手礼,https://img.alicdn.com/bao/uploaded/O1CN01SdZFmp1f5tscm7YBe_!!6000000003956-0-yinhe.jpg,XIAO GUAN TEA/小罐茶,165,下单立减24元,茶,1,hedonic_no_symbolic,享乐无symbolic,experiential,67,食品饮品/香氛/玩乐/氛围类品类；核心价值是口味、气味、玩乐、氛围或感官体验；价格区间较少承载身份信号,raw_catalog
97372,null,小罐茶彩罐多泡特级茉莉花茶茶叶 伴手礼冷泡茶自己喝送人,https://img.alicdn.com/bao/uploaded/O1CN017P9RxT1p57BHS4Gr7_!!6000000005308-0-yinhe.jpg,XIAO GUAN TEA/小罐茶,118,下单立减32元,茶,1,hedonic_no_symbolic,享乐无symbolic,experiential,67,食品饮品/香氛/玩乐/氛围类品类；核心价值是口味、气味、玩乐、氛围或感官体验；价格区间较少承载身份信号,raw_catalog
97956,null,小罐茶莫兰迪系列装红茶乌龙茶茉莉花茶自饮送礼茶叶礼盒端午礼盒,https://img.alicdn.com/bao/uploaded/O1CN01zYeHx71MZELSjo6d6_!!6000000001448-0-yinhe.jpg,XIAO GUAN TEA/小罐茶,425,下单立减75元,茶,1,hedonic_no_symbolic,享乐无symbolic,experiential,67,食品饮品/香氛/玩乐/氛围类品类；核心价值是口味、气味、玩乐、氛围或感官体验；价格区间较少承载身份信号,raw_catalog
93418,null,beutea洛神花茶养生茶大朵洛神花女可搭玫瑰花泡水喝的花草茶,https://img.alicdn.com/bao/uploaded/O1CN01IfDr1e20R477oamR4_!!6000000006845-0-yinhe.jpg,be u tea,50.91,,茶,1,hedonic_no_symbolic,享乐无symbolic,experiential,67,食品饮品/香氛/玩乐/氛围类品类；核心价值是口味、气味、玩乐、氛围或感官体验；价格区间较少承载身份信号,raw_catalog
1247574,89512,上山喝茶周边 酸角大王徽章 三个装一套,https://img.alicdn.com/bao/uploaded/O1CN01Q84gFh1yXohPTrQ6m_!!6000000006589-0-yinhe.jpg,上山喝茶叶旗舰店,39.8,,茶,1,hedonic_no_symbolic,享乐无symbolic,experiential,67,食品饮品/香氛/玩乐/氛围类品类；核心价值是口味、气味、玩乐、氛围或感官体验；价格区间较少承载身份信号,raw_catalog
1247575,89512,上山喝茶 x JL.Chocolate 滇红红茶风味 乌龙茶 单一源手工巧克力,https://img.alicdn.com/bao/uploaded/O1CN01mjwGU81I73kWT6twn_!!6000000000845-0-yinhe.jpg,上山喝茶叶旗舰店,98,,茶,1,hedonic_no_symbolic,享乐无symbolic,experiential,67,食品饮品/香氛/玩乐/氛围类品类；核心价值是口味、气味、玩乐、氛围或感官体验；价格区间较少承载身份信号,raw_catalog
73457,null,上山喝茶 茶具系列  陶瓷提梁壶500ML 景德镇传统工艺纯手工制作,https://img.alicdn.com/bao/uploaded/O1CN01DitYEx1WmeHhHr6hx_!!6000000002831-0-yinhe.jpg,上山喝茶叶旗舰店,388,,茶,1,hedonic_no_symbolic,享乐无symbolic,experiential,67,食品饮品/香氛/玩乐/氛围类品类；核心价值是口味、气味、玩乐、氛围或感官体验；价格区间较少承载身份信号,raw_catalog
8515,89512,【上新享买一送一】上山喝茶周边 啪啪圈卡皮巴拉 毛绒公仔,https://img.alicdn.com/bao/uploaded/O1CN01k6i5LK1f3bsU59nEl_!!6000000003951-0-yinhe.jpg,上山喝茶叶旗舰店,33.8,官方8.5折,茶,1,hedonic_no_symbolic,享乐无symbolic,experiential,67,食品饮品/香氛/玩乐/氛围类品类；核心价值是口味、气味、玩乐、氛围或感官体验；价格区间较少承载身份信号,raw_catalog
75472,null,澳洲原瓶进口亚德尔拉0酒精无醇葡萄酒干红脱醇低糖红酒yaldara,https://img.alicdn.com/bao/uploaded/O1CN01NMYZmh20TM6JFZb7U_!!6000000006850-0-yinhe.jpg,1847莱欧澳洲官方店,89,,酒类,1,hedonic_no_symbolic,享乐无symbolic,experiential,67,食品饮品/香氛/玩乐/氛围类品类；核心价值是口味、气味、玩乐、氛围或感官体验；价格区间较少承载身份信号,raw_catalog
75705,null,澳洲原瓶进口雅拉骑士无醇黑葡萄汁起泡酒香槟葡萄酒礼物整箱装,https://img.alicdn.com/bao/uploaded/O1CN01CU4ht21P1HzOeLgh2_!!6000000001780-0-yinhe.jpg,1847莱欧澳洲官方店,79,,酒类,1,hedonic_no_symbolic,享乐无symbolic,experiential,67,食品饮品/香氛/玩乐/氛围类品类；核心价值是口味、气味、玩乐、氛围或感官体验；价格区间较少承载身份信号,raw_catalog
1240817,104460,【进口】 法国原装进口香槟凯旋雄鹰优品香槟起泡酒750ml×1瓶,https://img.alicdn.com/bao/uploaded/O1CN01imwoJm1xFClVDTiIL_!!6000000006413-0-yinhe.jpg,Auntsfield/昂兹菲尔德庄园,209,,酒类,1,hedonic_no_symbolic,享乐无symbolic,experiential,67,食品饮品/香氛/玩乐/氛围类品类；核心价值是口味、气味、玩乐、氛围或感官体验；价格区间较少承载身份信号,raw_catalog
72826,null,干露蒂娜女爵混酿红葡萄酒智利进口红酒750ml婚礼喜宴,https://img.alicdn.com/bao/uploaded/O1CN018dHUO71uCVq7CmL9z_!!6000000006001-0-yinhe.jpg,CONCHA Y TORO/干露,83,下单立减55元,酒类,1,hedonic_no_symbolic,享乐无symbolic,experiential,67,食品饮品/香氛/玩乐/氛围类品类；核心价值是口味、气味、玩乐、氛围或感官体验；价格区间较少承载身份信号,raw_catalog
1235116,104460,【进口】加州乐事柔顺红葡萄酒红酒750ml×1瓶美国混酿原瓶进口,https://img.alicdn.com/bao/uploaded/O1CN01dn5bxf1O3Huw8u7Fx_!!6000000001649-0-yinhe.jpg,Carlo Rossi/加州乐事,65,,酒类,1,hedonic_no_symbolic,享乐无symbolic,experiential,67,食品饮品/香氛/玩乐/氛围类品类；核心价值是口味、气味、玩乐、氛围或感官体验；价格区间较少承载身份信号,raw_catalog
1546230,104460,【进口】加州乐事欢庆系列柔顺红葡萄酒美国混酿红酒,https://img.alicdn.com/bao/uploaded/O1CN0182M59G1ZivjK18Pp6_!!6000000003229-0-yinhe.jpg,Carlo Rossi/加州乐事,72,,酒类,1,hedonic_no_symbolic,享乐无symbolic,experiential,67,食品饮品/香氛/玩乐/氛围类品类；核心价值是口味、气味、玩乐、氛围或感官体验；价格区间较少承载身份信号,raw_catalog
