candidate_rank,id,material_id,ori_title,creative_id_image,creative_id_brand,creative_id_price,creative_id_promotion,level_one_category_name,is_white_image,candidate_group,candidate_group_cn,expected_best_image_route,symbolic_hu_overlap,selection_tag,selection_reason
1,1539090,"10,239,480,548",维达抽纸纸巾150抽24包S号整箱实惠装餐巾纸抽卫生纸面巾纸擦手纸,https://img.alicdn.com/bao/uploaded/bao/upload/O1CN011Q8OxA1EomjB5VQgb_!!6000000000399-2-yinhe.png,Vinda/维达,67.9,满29减2,洗护清洁剂/卫生巾/纸/香薰,1,strict_utilitarian,严格实用型,functional,,canonical_strict_utilitarian,典型任务完成/问题解决型商品，功能利益清晰，身份和感官享乐属性较弱。
2,1564218,102386,佳帮手2025新款免手洗平板拖把家用一拖净干湿两用地拖布拖地神器,https://img.alicdn.com/bao/uploaded/O1CN01TdxH6o1ypgANvUOmr_!!6000000006628-0-yinhe.jpg,佳帮手,29.7,,家庭/个人清洁工具,1,strict_utilitarian,严格实用型,functional,,canonical_strict_utilitarian,典型任务完成/问题解决型商品，功能利益清晰，身份和感官享乐属性较弱。
3,497385,102386,[129W升级款]海尔超薄洗烘套装10kg家用滚筒洗衣机热泵烘干机519W,https://img.alicdn.com/bao/uploaded/O1CN01aCsE1P1CKtzE4wxQ2_!!6000000000063-0-yinhe.jpg,Haier/海尔,3899,补贴300元,大家电,1,strict_utilitarian,严格实用型,functional,,canonical_strict_utilitarian,典型任务完成/问题解决型商品，功能利益清晰，身份和感官享乐属性较弱。
4,65159,null,惠普178nw彩色激光多功能打印机一体机手机无线wifi可连接网络A4复印扫描家用商务商用办公专用三合一179fnw,https://img.alicdn.com/bao/uploaded/O1CN01MbDWrx1xjtDm3FdKH_!!6000000006480-0-yinhe.jpg,HP/惠普,3299,1件8折,办公设备/耗材/相关服务,1,strict_utilitarian,严格实用型,functional,,canonical_strict_utilitarian,典型任务完成/问题解决型商品，功能利益清晰，身份和感官享乐属性较弱。
5,497408,"6,102,386",美的电饭煲家用青瓷飞快奶油电饭锅5升容量快煮不粘4-8人官方正品,https://img.alicdn.com/bao/uploaded/O1CN01TvhkpJ1sjpP2aSOpg_!!6000000005803-0-yinhe.jpg,Midea/美的,289,官方立减160元,厨房电器,1,strict_utilitarian,严格实用型,functional,,canonical_strict_utilitarian,典型任务完成/问题解决型商品，功能利益清晰，身份和感官享乐属性较弱。
6,1552914,104460,美的电热水壶1.7L大容量家用烧水热水壶304不锈钢自动断电电水壶,https://img.alicdn.com/bao/uploaded/O1CN01PshbPj1VE0hzBishX_!!6000000002620-0-yinhe.jpg,Midea/美的,62.8,,厨房电器,1,strict_utilitarian,严格实用型,functional,,canonical_strict_utilitarian,典型任务完成/问题解决型商品，功能利益清晰，身份和感官享乐属性较弱。
7,39727,"1,002,006,110,046",鱼跃电子血压计充电血压测量仪家用高精准测压仪器正品官方旗舰店,https://img.alicdn.com/bao/uploaded/O1CN01jL3f8X1iaX2jbcQxg_!!6000000004429-0-yinhe.jpg,鱼跃,90,满118减10,医疗器械,1,strict_utilitarian,严格实用型,functional,,canonical_strict_utilitarian,典型任务完成/问题解决型商品，功能利益清晰，身份和感官享乐属性较弱。
8,74679,null,【618开抢】滴露衣物除菌液杀菌除螨洗衣专用非消毒水衣物消毒液,https://img.alicdn.com/bao/uploaded/O1CN01F19MvL1HXmvkQRSG7_!!6000000000768-0-yinhe.jpg,Dettol/滴露,189.7,满250减26,洗护清洁剂/卫生巾/纸/香薰,1,strict_utilitarian,严格实用型,functional,,paper_cleaning_consumables,高频日用/清洁消耗品，购买主要为卫生、清洁或基础照护任务。
9,22482,"10,238,661,305",【王一博同款】得宝品位合YI套组-YIBO联名款抽纸90抽24包/箱*2箱,https://img.alicdn.com/bao/uploaded/O1CN01z1Z4hf1drs5UIdWyk_!!6000000003790-0-yinhe.jpg,Tempo/得宝,170,满400减175,洗护清洁剂/卫生巾/纸/香薰,1,strict_utilitarian,严格实用型,functional,,paper_cleaning_consumables,高频日用/清洁消耗品，购买主要为卫生、清洁或基础照护任务。
10,1240853,"6,104,460",洁云平板卫生纸加韧2层200抽(400张)36包方包纸厕纸抽纸整箱草纸,https://img.alicdn.com/bao/uploaded/O1CN01F6sHA51DYTJRDkr4g_!!6000000000228-2-yinhe.png,洁云,169,,洗护清洁剂/卫生巾/纸/香薰,1,strict_utilitarian,严格实用型,functional,,paper_cleaning_consumables,高频日用/清洁消耗品，购买主要为卫生、清洁或基础照护任务。
11,1559561,102386,持久留香经典棉麻酵素洗衣液家用护色 THE LAUNDRESS,https://img.alicdn.com/bao/uploaded/O1CN01Fu9KYd23ekneUE7R8_!!6000000007281-0-yinhe.jpg,the Laundress,167,官方8.8折,洗护清洁剂/卫生巾/纸/香薰,1,strict_utilitarian,严格实用型,functional,,paper_cleaning_consumables,高频日用/清洁消耗品，购买主要为卫生、清洁或基础照护任务。
12,21080,102386,【618抢购】汉高Persil宝莹9大酵素洗衣液可洗洗衣机8.8斤装,https://img.alicdn.com/bao/uploaded/O1CN01XBPcBF1moVaaaoQIm_!!6000000005001-0-yinhe.jpg,Persil/宝莹,166,满200减20,洗护清洁剂/卫生巾/纸/香薰,1,strict_utilitarian,严格实用型,functional,,paper_cleaning_consumables,高频日用/清洁消耗品，购买主要为卫生、清洁或基础照护任务。
13,1234488,102386,爱特福84消毒液2.5L*6瓶家居清洁杀菌消毒水多用途家庭囤货实惠,https://img.alicdn.com/bao/uploaded/O1CN0151D58e1TgkLifcqnv_!!6000000002412-0-yinhe.jpg,爱特福84,164.9,下单立减35元,洗护清洁剂/卫生巾/纸/香薰,1,strict_utilitarian,严格实用型,functional,,paper_cleaning_consumables,高频日用/清洁消耗品，购买主要为卫生、清洁或基础照护任务。
14,110464,null,新品Tempo得宝黄油小熊联名四层加厚抽纸家用纸巾90抽45包抽纸,https://img.alicdn.com/bao/uploaded/O1CN01CpKBE61tWNPMltXJG_!!6000000005909-0-yinhe.jpg,Tempo/得宝,164.63,满200减5,洗护清洁剂/卫生巾/纸/香薰,1,strict_utilitarian,严格实用型,functional,,paper_cleaning_consumables,高频日用/清洁消耗品，购买主要为卫生、清洁或基础照护任务。
15,1559457,102386,麦桶桶智能感应垃圾桶家用卫生间厕所带马桶刷一体自动不锈钢窄缝,https://img.alicdn.com/bao/uploaded/O1CN01n5iXWh1ONtyoMGThB_!!6000000001694-0-yinhe.jpg,MR.Bin/麦桶桶,291.75,补贴82元,家庭/个人清洁工具,1,strict_utilitarian,严格实用型,functional,,cleaning_storage_tools,清洁/收纳工具，核心价值是效率、省力、整洁和任务完成。
16,1563246,102386,EKO卫生间智能垃圾桶感应式家用厕所电动客厅夹缝款垃圾桶太空堡,https://img.alicdn.com/bao/uploaded/O1CN01P4aU231CYBPbyr3YP_!!6000000000092-0-yinhe.jpg,EKO,288,满300减18,家庭/个人清洁工具,1,strict_utilitarian,严格实用型,functional,,cleaning_storage_tools,清洁/收纳工具，核心价值是效率、省力、整洁和任务完成。
17,93896,null,EKO卫生间智能垃圾桶感应式家用厕所电动客厅夹缝款垃圾筒太空堡,https://img.alicdn.com/bao/uploaded/O1CN01P4aU231CYBPbyr3YP_!!6000000000092-0-yinhe.jpg,EKO,283.1,补贴114.9元,家庭/个人清洁工具,1,strict_utilitarian,严格实用型,functional,,cleaning_storage_tools,清洁/收纳工具，核心价值是效率、省力、整洁和任务完成。
18,1555799,104460,五月花刮刮桶免手洗平板拖把干湿两用洗脱合一拖布家用墩布懒地拖,https://img.alicdn.com/bao/uploaded/O1CN01cPsRjO1RNqefykgeN_!!6000000002100-0-yinhe.jpg,五月花,199,,家庭/个人清洁工具,1,strict_utilitarian,严格实用型,functional,,cleaning_storage_tools,清洁/收纳工具，核心价值是效率、省力、整洁和任务完成。
19,1559906,102386,苏泊尔智能垃圾桶全自动感应式家用客厅厨房轻奢卫生间厕所打包,https://img.alicdn.com/bao/uploaded/O1CN01atZo1U1YYZNuoWIvG_!!6000000003071-0-yinhe.jpg,Supor/苏泊尔,199,官方立减70元,家庭/个人清洁工具,1,strict_utilitarian,严格实用型,functional,,cleaning_storage_tools,清洁/收纳工具，核心价值是效率、省力、整洁和任务完成。
20,19731,"5,102,386",苏泊尔智能垃圾桶全自动感应式家用客厅厨房轻奢卫生间厕所打包,https://img.alicdn.com/bao/uploaded/O1CN01mEHvI11sYpurfKrPj_!!6000000005779-0-yinhe.jpg,Supor/苏泊尔,189,满99减10,家庭/个人清洁工具,1,strict_utilitarian,严格实用型,functional,,cleaning_storage_tools,清洁/收纳工具，核心价值是效率、省力、整洁和任务完成。
21,57276,null,【卡萨帝指挥家】13kg大容量平嵌洗衣机热泵烘干机组合洗烘套装LC,https://img.alicdn.com/bao/uploaded/O1CN01Kn2Hv31P0NCN2NIgP_!!6000000001778-0-yinhe.jpg,Casarte/卡萨帝,24630,官方8.5折,大家电,1,strict_utilitarian,严格实用型,functional,,major_appliances,大家电，评价重点是性能、容量、能效和耐用性。
22,99330,null,【新品小幸熨】西门子10KG除皱超氧热泵自清洁变频iQ500洗烘套装,https://img.alicdn.com/bao/uploaded/O1CN01nxugfr1kPCeKbH7A0_!!6000000004675-0-yinhe.jpg,SIEMENS/西门子,14390,补贴4500元,大家电,1,strict_utilitarian,严格实用型,functional,,major_appliances,大家电，评价重点是性能、容量、能效和耐用性。
23,103443,null,【新品】博世6系Modena摩德纳除皱活氧10KG洗烘套装洗衣机烘干机,https://img.alicdn.com/bao/uploaded/O1CN01oVSmz91i2BVx59Qkr_!!6000000004354-0-yinhe.jpg,Bosch/博世,14390,满17988减899,大家电,1,strict_utilitarian,严格实用型,functional,,major_appliances,大家电，评价重点是性能、容量、能效和耐用性。
24,1550148,102386,【小幸熨】西门子10KG除皱超氧热泵自清洁变频平嵌iQ500洗烘套装,https://img.alicdn.com/bao/uploaded/O1CN01nxugfr1kPCeKbH7A0_!!6000000004675-0-yinhe.jpg,SIEMENS/西门子,14380,满18890减2243,大家电,1,strict_utilitarian,严格实用型,functional,,major_appliances,大家电，评价重点是性能、容量、能效和耐用性。
25,98100,null,换新补贴【卡萨帝揽光PRO新品】13kg热泵式洗烘一体懒人洗衣机W13,https://img.alicdn.com/bao/uploaded/O1CN01UJhuFK1NPRhZ0A1mE_!!6000000001562-0-yinhe.jpg,Casarte/卡萨帝,13499,满500.01减500,大家电,1,strict_utilitarian,严格实用型,functional,,major_appliances,大家电，评价重点是性能、容量、能效和耐用性。
26,50309,null,[海尔X11]洗烘套装净护精华洗直驱双擎热泵三变频家用洗衣机87W,https://img.alicdn.com/bao/uploaded/O1CN01JKQ31A1P42QF8JIrQ_!!6000000001786-0-yinhe.jpg,Haier/海尔,13298,官方8.5折,大家电,1,strict_utilitarian,严格实用型,functional,,major_appliances,大家电，评价重点是性能、容量、能效和耐用性。
27,29202,102386,【以旧换新补贴】东芝大白桃Pro零嵌制冰双系统一级家用电冰箱483,https://img.alicdn.com/bao/uploaded/O1CN01LGmjlK1Ma9ISvmiVH_!!6000000001450-0-yinhe.jpg,Toshiba/东芝,13199,满9999减5850,大家电,1,strict_utilitarian,严格实用型,functional,,major_appliances,大家电，评价重点是性能、容量、能效和耐用性。
28,105198,6,海尔中央空调5匹一拖三/四/五家用云舒Pro多联机三菱压缩机旗舰店,https://img.alicdn.com/bao/uploaded/O1CN01i9yrgl21U6LkJ2ghV_!!6000000006987-0-yinhe.jpg,Haier/海尔,12969,满50减30,大家电,1,strict_utilitarian,严格实用型,functional,,major_appliances,大家电，评价重点是性能、容量、能效和耐用性。
29,75347,null,TIGER/虎牌PIE-A40C无蒸汽VE真空保温电热水瓶家用恒温电烧水壶4L,https://img.alicdn.com/bao/uploaded/O1CN01q2rDvY1bLglUlNmlI_!!6000000003449-0-yinhe.jpg,TIGER/虎牌,2886.47,1件9.11折,厨房电器,1,strict_utilitarian,严格实用型,functional,,kitchen_appliances,厨房功能电器，主要服务烹饪、加热、备餐等实用任务。
30,34794,110046,TIGER虎牌JPM-H10C压力IH土锅涂层电饭煲家用3L多功能柴火饭3-4人,https://img.alicdn.com/bao/uploaded/O1CN01RGZnQR1HxtUWYDizG_!!6000000000825-0-yinhe.jpg,TIGER/虎牌,2688,满3900减711,厨房电器,1,strict_utilitarian,严格实用型,functional,,kitchen_appliances,厨房功能电器，主要服务烹饪、加热、备餐等实用任务。
31,1562962,102386,东芝真空沁米炊饭煲10ZWSC家用IH电饭煲多功能电饭锅智能进口内胆,https://img.alicdn.com/bao/uploaded/O1CN01DrkTRY1RX0b8lu8y5_!!6000000002120-0-yinhe.jpg,Toshiba/东芝,2499,满3476减100,厨房电器,1,strict_utilitarian,严格实用型,functional,,kitchen_appliances,厨房功能电器，主要服务烹饪、加热、备餐等实用任务。
32,96990,null,东芝进口白色微波炉家用电烤箱微蒸烤炸一体机台式水波炉SD80旗舰,https://img.alicdn.com/bao/uploaded/O1CN01TaKsbS1oGHFnZ8LF7_!!6000000005197-0-yinhe.jpg,Toshiba/东芝,2299,1件减1100元,厨房电器,1,strict_utilitarian,严格实用型,functional,,kitchen_appliances,厨房功能电器，主要服务烹饪、加热、备餐等实用任务。
33,109235,null,政府补贴美的寻味pro微波炉家用微蒸烤炸一体机蒸烤箱电烤箱G21,https://img.alicdn.com/bao/uploaded/O1CN01OcNmZS1W3lHqjzZpl_!!6000000002733-0-yinhe.jpg,Midea/美的,2199,限时优惠1300元,厨房电器,1,strict_utilitarian,严格实用型,functional,,kitchen_appliances,厨房功能电器，主要服务烹饪、加热、备餐等实用任务。
34,1562342,102386,美的寻味pro微波炉家用微蒸烤炸一体机烤箱蒸箱三合一官方正品G21,https://img.alicdn.com/bao/uploaded/O1CN01OcNmZS1W3lHqjzZpl_!!6000000002733-0-yinhe.jpg,Midea/美的,2199,补贴2601元,厨房电器,1,strict_utilitarian,严格实用型,functional,,kitchen_appliances,厨房功能电器，主要服务烹饪、加热、备餐等实用任务。
35,497243,102386,北鼎电饭煲家用3升IH变频加热多功能烹饪机煮饭锅分体式RD5731,https://img.alicdn.com/bao/uploaded/O1CN01TfjSfE1uKIXqJwUwP_!!6000000006018-0-yinhe.jpg,Buydeem/北鼎,1999,满1070减200,厨房电器,1,strict_utilitarian,严格实用型,functional,,kitchen_appliances,厨房功能电器，主要服务烹饪、加热、备餐等实用任务。
36,28824,110046,HP惠普OJ9120彩色喷墨多功能一体机连续复印扫描传真自动双面手机无线打印9130家用办公专用输稿器9010,https://img.alicdn.com/bao/uploaded/O1CN016x3jGS24zeT3UgAox_!!6000000007462-0-yinhe.jpg,HP/惠普,2199,补贴389元,办公设备/耗材/相关服务,1,strict_utilitarian,严格实用型,functional,,office_task_equipment,办公任务设备，核心利益是打印、复印、扫描、整理或工作效率。
37,65342,null,HP惠普M126a黑白激光打印机复印扫描M126nw无线多功能一体机A4学生家庭家用办公室商务商用三合一M1136,https://img.alicdn.com/bao/uploaded/O1CN01wW6NDv1Mxxvkolopz_!!6000000001502-0-yinhe.jpg,HP/惠普,1479,补贴438元,办公设备/耗材/相关服务,1,strict_utilitarian,严格实用型,functional,,office_task_equipment,办公任务设备，核心利益是打印、复印、扫描、整理或工作效率。
38,40633,110046,兄弟DCP-L2508DW黑白激光打印机复印扫描一体机家用小型手机无线wifi网络自动双面打印高速办公专用a4 2548DW,https://img.alicdn.com/bao/uploaded/O1CN01H4FXd41nF4jjsoI2v_!!6000000005059-0-yinhe.jpg,brother/兄弟,1399,官方8.5折,办公设备/耗材/相关服务,1,strict_utilitarian,严格实用型,functional,,office_task_equipment,办公任务设备，核心利益是打印、复印、扫描、整理或工作效率。
39,65174,null,【政府补贴20%】爱普生办公L6279 6268 6276 6298 6278 3556 3558 M2128打印机墨仓复印扫描传真自动输稿双面,https://img.alicdn.com/bao/uploaded/O1CN01ecFh3v26V5F6TkN1B_!!6000000007666-0-yinhe.jpg,Epson/爱普生,1099,,办公设备/耗材/相关服务,1,strict_utilitarian,严格实用型,functional,,office_task_equipment,办公任务设备，核心利益是打印、复印、扫描、整理或工作效率。
40,12740,110046,网易有道词典笔X6Pro点读笔翻译笔通用英语 单词电子词典笔官方旗舰店学习笔翻译器英语扫描,https://img.alicdn.com/bao/uploaded/O1CN01U747Bc1BtQ6i7YHWP_!!6000000000003-0-yinhe.jpg,有道（数码）,1069,满1522减194,办公设备/耗材/相关服务,1,strict_utilitarian,严格实用型,functional,,office_task_equipment,办公任务设备，核心利益是打印、复印、扫描、整理或工作效率。
41,40315,110046,德国PARI雾化机帕瑞BOY PRO儿童成人老人咳嗽肺炎医用进口雾化器,https://img.alicdn.com/bao/uploaded/O1CN01ZvxOfA1WC0Z8edgZB_!!6000000002751-2-yinhe.png,Pari,3480,满4000减464,医疗器械,1,strict_utilitarian,严格实用型,functional,,health_medical_devices,健康监测/医疗护理相关商品，购买动机以问题解决、可靠性和安全性为主。
42,750703,6,好哥越障电动轮椅智能全自动老人专用折叠轻便残疾人老年人代步车,https://img.alicdn.com/bao/uploaded/O1CN01BaocAw1NQorDlDKsi_!!6000000001565-0-yinhe.jpg,好哥,1180,官方8.8折,医疗器械,1,strict_utilitarian,严格实用型,functional,,health_medical_devices,健康监测/医疗护理相关商品，购买动机以问题解决、可靠性和安全性为主。
43,46446,null,鱼跃轮椅车折叠轻便老年人专用带坐便器代步手动车国家补贴H059B,https://img.alicdn.com/bao/uploaded/O1CN01D9ec5p29Dcj1HsHo7_!!6000000008034-0-yinhe.jpg,鱼跃,649,满469减30,医疗器械,1,strict_utilitarian,严格实用型,functional,,health_medical_devices,健康监测/医疗护理相关商品，购买动机以问题解决、可靠性和安全性为主。
44,1234997,104460,可孚轮椅代步车折叠轻便老人外出专用手动实心胎残疾人多功能旅游,https://img.alicdn.com/bao/uploaded/O1CN01hdEtxj1LR9lqLy5Hy_!!6000000001295-0-yinhe.jpg,可孚,529,,医疗器械,1,strict_utilitarian,严格实用型,functional,,health_medical_devices,健康监测/医疗护理相关商品，购买动机以问题解决、可靠性和安全性为主。
45,15383,110046,政府补贴30%硅基轻享动态血糖仪家用免扎手指24h血糖监测旗舰店,https://img.alicdn.com/bao/uploaded/O1CN01Q3EQoT1cF6zA2ieeQ_!!6000000003570-0-yinhe.jpg,硅基（医药）,458.38,1件8.77折,医疗器械,1,strict_utilitarian,严格实用型,functional,,health_medical_devices,健康监测/医疗护理相关商品，购买动机以问题解决、可靠性和安全性为主。
46,41213,null,飞利浦电动剃须刀男士纯进口新款S9983/S9973刮胡刀官方旗舰店,https://img.alicdn.com/bao/uploaded/O1CN019TliZ11r6bsihOzGl_!!6000000005582-0-yinhe.jpg,Philips/飞利浦,1389,满10.01减10,个人护理/保健/按摩器材,1,strict_utilitarian,严格实用型,functional,,household_personal_auto_tools,家用/个人/车载/数码功能工具，主要解决烹饪、维修、清洁、记录或维护任务。
47,26593,110046,菲仕乐Fissler味达快德国进口不锈钢高压锅 燃气家用防爆压力锅,https://img.alicdn.com/bao/uploaded/O1CN01foyv4Y1P9zXHPrnrC_!!6000000001799-2-yinhe.png,Fissler/菲仕乐,999,官方立减200元,厨房/烹饪用具,1,strict_utilitarian,严格实用型,functional,,household_personal_auto_tools,家用/个人/车载/数码功能工具，主要解决烹饪、维修、清洁、记录或维护任务。
48,49014,61706,【618抢先购】松下大锤子剃须刀男电动往复式刮胡刀政府补贴LM51,https://img.alicdn.com/bao/uploaded/O1CN01005Dx622RdacubW5z_!!6000000007117-0-yinhe.jpg,Panasonic/松下,899,满599减300,个人护理/保健/按摩器材,1,strict_utilitarian,严格实用型,functional,,household_personal_auto_tools,家用/个人/车载/数码功能工具，主要解决烹饪、维修、清洁、记录或维护任务。
49,96494,null,德国WMF福腾宝进口快易锅不锈钢高压锅压力锅安全电磁炉燃气专用,https://img.alicdn.com/bao/uploaded/O1CN01w3jwoj1cnScEuMu9s_!!6000000003645-0-yinhe.jpg,WMF,872.1,满300减100,厨房/烹饪用具,1,strict_utilitarian,严格实用型,functional,,household_personal_auto_tools,家用/个人/车载/数码功能工具，主要解决烹饪、维修、清洁、记录或维护任务。
50,63054,null,【EVA正版联名】品胜绫波丽新世纪福音战士PisenStandBy桌面集合充电站140W氮化镓无线充电器头手机电源插座,https://img.alicdn.com/bao/uploaded/O1CN01qvIdeB1EdnY8cegjc_!!6000000000375-0-yinhe.jpg,Pisen/品胜,799,,3C数码配件,1,strict_utilitarian,严格实用型,functional,,household_personal_auto_tools,家用/个人/车载/数码功能工具，主要解决烹饪、维修、清洁、记录或维护任务。
51,1235015,104460,乐高迪士尼公主仙蒂瑞拉的城堡43206儿童拼插积木玩具生日礼物,https://img.alicdn.com/bao/uploaded/O1CN01VZF6OO24tEgwwwJXN_!!6000000007448-0-yinhe.jpg,LEGO/乐高,749,,玩具/童车/益智/积木/模型,1,hedonic,享乐型,experiential,,canonical_hedonic,典型感官/审美/玩乐/氛围型商品，主要满足愉悦、沉浸、想象或情绪体验。
52,1554241,104460,Lotus Biscoff比时咔和情比利时进口焦糖饼干伴手礼休闲零食曲奇,https://img.alicdn.com/bao/uploaded/O1CN01XkiqN11t7BTGrGh5p_!!6000000005854-0-yinhe.jpg,天猫超市,55.8,,零食/坚果/特产,1,hedonic,享乐型,experiential,,canonical_hedonic,典型感官/审美/玩乐/氛围型商品，主要满足愉悦、沉浸、想象或情绪体验。
53,1233054,102386,Joyflower永生真花玫瑰繁花束家居摆件装饰高级新婚结婚礼物女友,https://img.alicdn.com/bao/uploaded/O1CN013uVMz21SgSPEEZjQ9_!!6000000002276-0-yinhe.jpg,joyflower,513.44,补贴99.56元,鲜花速递/花卉仿真/绿植园艺,1,hedonic,享乐型,experiential,,canonical_hedonic,典型感官/审美/玩乐/氛围型商品，主要满足愉悦、沉浸、想象或情绪体验。
54,1552928,104460,爱之湾莫斯卡托桃红甜起泡葡萄酒正品进口气泡酒果酒小甜水,https://img.alicdn.com/bao/uploaded/O1CN01ORiVxh1nFzZCAkHw5_!!6000000005061-0-yinhe.jpg,爱之湾,78,,酒类,1,hedonic,享乐型,experiential,,canonical_hedonic,典型感官/审美/玩乐/氛围型商品，主要满足愉悦、沉浸、想象或情绪体验。
55,1546622,102386,【七夕礼物】Rituals怡式无火藤条香薰礼盒家居摆件礼物室内扩香,https://img.alicdn.com/bao/uploaded/O1CN01zAqTw21IewwQi5Mqy_!!6000000000919-0-yinhe.jpg,rituals,335,,家居饰品,1,hedonic,享乐型,experiential,,canonical_hedonic,典型感官/审美/玩乐/氛围型商品，主要满足愉悦、沉浸、想象或情绪体验。
56,496173,102386,好吃点香脆巧克力味饼干638g*1盒酥脆可口小零嘴点心,https://img.alicdn.com/bao/uploaded/i1/725677994/O1CN01yVWuHi28vJ4TMeIOm_!!2-item_pic.png,好吃点,17.9,,零食/坚果/特产,1,hedonic,享乐型,experiential,,canonical_hedonic,典型感官/审美/玩乐/氛围型商品，主要满足愉悦、沉浸、想象或情绪体验。
57,1544271,104460,【26年10月到期】雀巢绝对深黑黑咖啡即溶速溶深烘美式咖啡/健身,https://img.alicdn.com/bao/uploaded/O1CN01jPQoxl1gZ2fMcnAez_!!6000000004155-2-yinhe.png,Nestle/雀巢,99,,咖啡/麦片/冲饮,1,hedonic,享乐型,experiential,,canonical_hedonic,典型感官/审美/玩乐/氛围型商品，主要满足愉悦、沉浸、想象或情绪体验。
58,98323,null,【618即刻抢购】TF香水白麝香 暗麝心魄 男女士香水礼物 官方正品,https://img.alicdn.com/bao/uploaded/O1CN01e6iNkz26DDa4RxE1g_!!6000000007627-0-yinhe.jpg,Tom Ford/汤姆福特,620,,彩妆/香水/美妆工具,1,hedonic,享乐型,experiential,,canonical_hedonic,典型感官/审美/玩乐/氛围型商品，主要满足愉悦、沉浸、想象或情绪体验。
59,1562737,102386,香港美心流心奶黄月饼高端礼盒官方中秋月饼送礼经典港式口味,https://img.alicdn.com/bao/uploaded/O1CN01dIiO7D1To4WRUrwZ3_!!6000000002428-0-yinhe.jpg,美心,325.27,下单立减53.73元,零食/坚果/特产,1,hedonic,享乐型,experiential,,taste_snacks,口味和即时愉悦驱动，消费体验主要来自味觉、质地和放松感。
60,1544393,104460,Amalee艾玛琳燕窝月饼礼盒高端广式奶黄流心月饼糕点中秋节礼品,https://img.alicdn.com/bao/uploaded/O1CN01vn6Esi28RXNpveoiC_!!6000000007929-2-yinhe.png,Amalee,298,,零食/坚果/特产,1,hedonic,享乐型,experiential,,taste_snacks,口味和即时愉悦驱动，消费体验主要来自味觉、质地和放松感。
61,1565479,102386,香港美心精选口味月饼礼盒蛋黄莲蓉豆沙五仁多口味中秋礼盒,https://img.alicdn.com/bao/uploaded/O1CN01lmTx9N1mrG51KJnz6_!!6000000005007-0-yinhe.jpg,美心,268,满129减30,零食/坚果/特产,1,hedonic,享乐型,experiential,,taste_snacks,口味和即时愉悦驱动，消费体验主要来自味觉、质地和放松感。
62,1240888,104460,Patchi芭驰缤纷果仁牛奶巧克力进口高端礼盒迪拜七夕情人节礼物,https://img.alicdn.com/bao/uploaded/O1CN01RfQc1g1uLfWXbtBWp_!!6000000006021-0-yinhe.jpg,PATCHI,265,,零食/坚果/特产,1,hedonic,享乐型,experiential,,taste_snacks,口味和即时愉悦驱动，消费体验主要来自味觉、质地和放松感。
63,1555743,104460,Lotus Biscoff比时咔和情比利时进口焦糖饼干独立零食156g*3包,https://img.alicdn.com/bao/uploaded/O1CN01BsddQX1H9yV57IzH3_!!6000000000716-2-yinhe.png,天猫超市,252,,零食/坚果/特产,1,hedonic,享乐型,experiential,,taste_snacks,口味和即时愉悦驱动，消费体验主要来自味觉、质地和放松感。
64,1235048,104460,觅菓觅果临安山核桃仁新货原味罐装孕妇儿童每日坚果,https://img.alicdn.com/bao/uploaded/O1CN01jG1eDw1c2k34vrOho_!!6000000003543-0-yinhe.jpg,觅菓,239,,零食/坚果/特产,1,hedonic,享乐型,experiential,,taste_snacks,口味和即时愉悦驱动，消费体验主要来自味觉、质地和放松感。
65,1233025,104460,姚生记临安水煮山核桃128g*2手剥小核桃新货坚果干果吃货休闲零食,https://img.alicdn.com/bao/uploaded/O1CN017HzsWK1ei51lQhAvy_!!6000000003904-0-yinhe.jpg,姚生记,236,,零食/坚果/特产,1,hedonic,享乐型,experiential,,taste_snacks,口味和即时愉悦驱动，消费体验主要来自味觉、质地和放松感。
66,1563474,102386,每日黑巧鲜萃黑巧吨吨装巧克力休闲零食纯可可脂教师节送礼大礼包,https://img.alicdn.com/bao/uploaded/O1CN01EVJp0u1KGnFop5fol_!!6000000001137-0-yinhe.jpg,每日黑巧,219,下单立减40元,零食/坚果/特产,1,hedonic,享乐型,experiential,,taste_snacks,口味和即时愉悦驱动，消费体验主要来自味觉、质地和放松感。
67,1544188,104460,去寻2024新茶杭州钱塘龙井明前特级绿茶叶礼盒装送人高端礼品,https://img.alicdn.com/bao/uploaded/O1CN01ZXevfo1es9y3ppZtK_!!6000000003926-0-yinhe.jpg,去寻,998,,茶,1,hedonic,享乐型,experiential,,coffee_tea_drinks,饮用体验型商品，核心价值来自风味、香气、仪式感或清爽感。
68,1234876,104460,2025新茶上市狮峰牌西湖龙井明前精品手工绿茶叶礼盒装100g大观肆,https://img.alicdn.com/bao/uploaded/O1CN01TF6dM41nmxsea0gfc_!!6000000005133-0-yinhe.jpg,狮峰,918,,茶,1,hedonic,享乐型,experiential,,coffee_tea_drinks,饮用体验型商品，核心价值来自风味、香气、仪式感或清爽感。
69,1537721,102386,2025新茶上市狮峰牌明前特级西湖龙井正宗春茶250g绿茶叶礼盒装沁,https://img.alicdn.com/bao/uploaded/O1CN0120hrh01ygW918ErFr_!!6000000006608-0-yinhe.jpg,狮峰,674,下单立减346元,茶,1,hedonic,享乐型,experiential,,coffee_tea_drinks,饮用体验型商品，核心价值来自风味、香气、仪式感或清爽感。
70,1557493,102386,Nespresso奈斯派索胶囊黑咖啡粒进口Vertuo系列套装组合120颗官方,https://img.alicdn.com/bao/uploaded/O1CN01hbxRlj1EZDbiVKOqM_!!6000000000365-0-yinhe.jpg,NESPRESSO/奈斯派索,673,满800减50,咖啡/麦片/冲饮,1,hedonic,享乐型,experiential,,coffee_tea_drinks,饮用体验型商品，核心价值来自风味、香气、仪式感或清爽感。
71,1554184,102386,Nespresso奈斯派索胶囊黑咖啡美式浓缩150颗新用户咖啡礼盒存储罐,https://img.alicdn.com/bao/uploaded/i3/2943565533/O1CN01a1cyjr1qkAOkpaIxX_!!2-item_pic.png,NESPRESSO/奈斯派索,665,满400减30,咖啡/麦片/冲饮,1,hedonic,享乐型,experiential,,coffee_tea_drinks,饮用体验型商品，核心价值来自风味、香气、仪式感或清爽感。
72,108077,null,%Arabica阿拉比卡咖啡豆百分比意式手工烘焙多风味黑咖囤货装礼盒,https://img.alicdn.com/bao/uploaded/O1CN01whf29l1QIyudnjrsL_!!6000000001954-0-yinhe.jpg,%ARABICA,619,官方8.5折,咖啡/麦片/冲饮,1,hedonic,享乐型,experiential,,coffee_tea_drinks,饮用体验型商品，核心价值来自风味、香气、仪式感或清爽感。
73,1558607,102386,三顿半数字星球7.0钻石星尘™精品咖啡速溶黑咖啡粉桶装3g*80颗,https://img.alicdn.com/bao/uploaded/O1CN01Kj8eFn27GG2qSJ5To_!!6000000007769-0-yinhe.jpg,三顿半,586,下单立减40元,咖啡/麦片/冲饮,1,hedonic,享乐型,experiential,,coffee_tea_drinks,饮用体验型商品，核心价值来自风味、香气、仪式感或清爽感。
74,110159,null,%Arabica阿拉比卡百分百咖啡豆黑巧拼配手冲精品新鲜烘焙1000g,https://img.alicdn.com/bao/uploaded/O1CN01BJ8iXC25Y07geK2Dv_!!6000000007537-0-yinhe.jpg,%ARABICA,509,官方8.5折,咖啡/麦片/冲饮,1,hedonic,享乐型,experiential,,coffee_tea_drinks,饮用体验型商品，核心价值来自风味、香气、仪式感或清爽感。
75,93824,null,Peller冰酒加拿大VQA雷司令威代尔品丽珠冰葡萄酒三支装经典礼盒,https://img.alicdn.com/bao/uploaded/O1CN015iMaM41bantDu3F2p_!!6000000003482-0-yinhe.jpg,PELLER ESTATES,999,满1200减60,酒类,1,hedonic,享乐型,experiential,,alcohol_mood,饮酒/微醺氛围商品，主要满足口感、情绪和社交放松体验。
76,1234991,104460,【法国列级名庄】达玛雅克庄园五级名庄红葡萄酒法国原瓶进口2012,https://img.alicdn.com/bao/uploaded/O1CN01apelco1zoadgwwGul_!!6000000006761-0-yinhe.jpg,碧富堂,999,,酒类,1,hedonic,享乐型,experiential,,alcohol_mood,饮酒/微醺氛围商品，主要满足口感、情绪和社交放松体验。
77,1234967,104460,【法国列级名庄】露儿保芙庄园二级名庄红葡萄酒法国原瓶进口2011,https://img.alicdn.com/bao/uploaded/O1CN01XOike11XuGIhle3MA_!!6000000002983-0-yinhe.jpg,碧富堂,999,,酒类,1,hedonic,享乐型,experiential,,alcohol_mood,饮酒/微醺氛围商品，主要满足口感、情绪和社交放松体验。
78,1234826,104460,【聚餐送礼】吉拉18年单一麦芽威士忌700m*1瓶,https://img.alicdn.com/bao/uploaded/O1CN01UD4YDT1UTkhZUrciF_!!6000000002519-0-yinhe.jpg,ISLE OF JURA,998,,酒类,1,hedonic,享乐型,experiential,,alcohol_mood,饮酒/微醺氛围商品，主要满足口感、情绪和社交放松体验。
79,1234787,104460,【连续20年金奖】日本KURA库那臧经典麦芽威士忌700ml洋酒礼盒装,https://img.alicdn.com/bao/uploaded/O1CN01qXxzvF1KsnzDXwQwy_!!6000000001220-0-yinhe.jpg,三重の寒梅,988,,酒类,1,hedonic,享乐型,experiential,,alcohol_mood,饮酒/微醺氛围商品，主要满足口感、情绪和社交放松体验。
80,1556723,102386,【官方正品】LOEWE罗意威香氛身体奢护套装番茄叶常春藤,https://img.alicdn.com/bao/uploaded/O1CN01Q9BzCi1ZzQ7wiOeON_!!6000000003265-0-yinhe.jpg,LOEWE/罗意威,1165,,洗护清洁剂/卫生巾/纸/香薰,1,hedonic,享乐型,experiential,,flowers_aroma_atmosphere,审美/气味/空间氛围商品，价值来自视觉美感、香气和情绪唤起。
81,1538733,102386,【七夕礼物】LOEWE罗意威质感香氛香薰蜡烛金合欢晚香玉兰花,https://img.alicdn.com/bao/uploaded/O1CN01Z7y8VJ1RM1AzHkyD9_!!6000000002096-0-yinhe.jpg,LOEWE/罗意威,1120,,洗护清洁剂/卫生巾/纸/香薰,1,hedonic,享乐型,experiential,,flowers_aroma_atmosphere,审美/气味/空间氛围商品，价值来自视觉美感、香气和情绪唤起。
82,1562002,102386,Georg Jensen 乔治杰生HK天鹅壶花瓶水壶北欧客厅餐桌装饰摆件,https://img.alicdn.com/bao/uploaded/O1CN01co9zRN1eULPK7vt6k_!!6000000003874-0-yinhe.jpg,Georg Jensen,1117,官方8.8折,家居饰品,1,hedonic,享乐型,experiential,,flowers_aroma_atmosphere,审美/气味/空间氛围商品，价值来自视觉美感、香气和情绪唤起。
83,1253176,102386,【顺丰速达】帕尔玛之水格调 居家香薰木质调180ml,https://img.alicdn.com/bao/uploaded/O1CN01G2YDQQ1bmFm5aNB9p_!!6000000003507-0-yinhe.jpg,帕尔玛之水,980,,洗护清洁剂/卫生巾/纸/香薰,1,hedonic,享乐型,experiential,,flowers_aroma_atmosphere,审美/气味/空间氛围商品，价值来自视觉美感、香气和情绪唤起。
84,1560532,102386,【超级88】帕尔玛之水格调 居家香薰木质调180ml,https://img.alicdn.com/bao/uploaded/O1CN01G2YDQQ1bmFm5aNB9p_!!6000000003507-0-yinhe.jpg,帕尔玛之水,980,,洗护清洁剂/卫生巾/纸/香薰,1,hedonic,享乐型,experiential,,flowers_aroma_atmosphere,审美/气味/空间氛围商品，价值来自视觉美感、香气和情绪唤起。
85,67,102386,【顺丰速达】MFK梵诗柯香香薰蜡烛晶红540/玫瑰蜡烛 居家香氛,https://img.alicdn.com/bao/uploaded/O1CN01CuXgFK21oFVvpHL5p_!!6000000007031-2-yinhe.png,Maison Francis Kurkdjian/梵诗柯香,850,,洗护清洁剂/卫生巾/纸/香薰,1,hedonic,享乐型,experiential,,flowers_aroma_atmosphere,审美/气味/空间氛围商品，价值来自视觉美感、香气和情绪唤起。
86,76087,null,Georg Jensen 乔治杰生HK花瓶北欧简约客厅插花桌面摆件,https://img.alicdn.com/bao/uploaded/O1CN01jAjJek1buVBnSwl1l_!!6000000003525-0-yinhe.jpg,Georg Jensen,790,,家居饰品,1,hedonic,享乐型,experiential,,flowers_aroma_atmosphere,审美/气味/空间氛围商品，价值来自视觉美感、香气和情绪唤起。
87,1560544,102386,RoyalCopenhagen皇家哥本哈根蓝色缤纷唐草手绘花瓶摆件客厅装饰,https://img.alicdn.com/bao/uploaded/O1CN01VwTfMJ286vJf5mi8K_!!6000000007884-0-yinhe.jpg,ROYAL COPENHAGEN,748,官方立减102元,家居饰品,1,hedonic,享乐型,experiential,,flowers_aroma_atmosphere,审美/气味/空间氛围商品，价值来自视觉美感、香气和情绪唤起。
88,1394465,89512,老铁匠嘉年华MEGA 磁力联动桌面轮盘 黑科技金属指尖解压edc玩具,https://img.alicdn.com/bao/uploaded/O1CN01fLDPhd1cqD5k2Xe6d_!!6000000003651-0-yinhe.jpg,LAUTIE/傲娇的老铁匠,1999,,玩具/童车/益智/积木/模型,1,hedonic,享乐型,experiential,,play_fantasy_fun,玩乐/创造/幻想体验商品，核心价值来自趣味、沉浸和想象空间。
89,1547672,104460,野兽王国漫威MK44钢铁侠反浩克装甲VS绿巨人Q版雕像手办礼物,https://img.alicdn.com/bao/uploaded/i1/725677994/O1CN01RgrFaX28vJ5CtxzPf_!!2-item_pic.png,BEAST KINGDOM/野兽王国,1999,,模玩/动漫/周边/娃圈三坑/桌游,1,hedonic,享乐型,experiential,,play_fantasy_fun,玩乐/创造/幻想体验商品，核心价值来自趣味、沉浸和想象空间。
90,36999,89512,老铁匠嘉年华MEGA 磁力联动桌面轮盘 黑科技金属指尖解压edc玩具,https://img.alicdn.com/bao/uploaded/O1CN01fLDPhd1cqD5k2Xe6d_!!6000000003651-0-yinhe.jpg,LAUTIE/傲娇的老铁匠,1999,,玩具/童车/益智/积木/模型,1,hedonic,享乐型,experiential,,play_fantasy_fun,玩乐/创造/幻想体验商品，核心价值来自趣味、沉浸和想象空间。
91,1395086,89512,指玩屋 太阿剑机械推牌玩吾乐志edc解压玩具国风金属指尖陀螺潮玩,https://img.alicdn.com/bao/uploaded/O1CN012Wx7Fl1YWHN4UTzQL_!!6000000003066-0-yinhe.jpg,指玩屋,1788,,玩具/童车/益智/积木/模型,1,hedonic,享乐型,experiential,,play_fantasy_fun,玩乐/创造/幻想体验商品，核心价值来自趣味、沉浸和想象空间。
92,3819,89512,指玩屋 太阿剑机械推牌玩吾乐志edc解压玩具国风金属指尖陀螺潮玩,https://img.alicdn.com/bao/uploaded/O1CN012Wx7Fl1YWHN4UTzQL_!!6000000003066-0-yinhe.jpg,指玩屋,1788,,玩具/童车/益智/积木/模型,1,hedonic,享乐型,experiential,,play_fantasy_fun,玩乐/创造/幻想体验商品，核心价值来自趣味、沉浸和想象空间。
93,52485,null,Eilik 艾力克机器人智能情感语音交互互动陪伴ai桌面电子宠物玩具,https://img.alicdn.com/bao/uploaded/O1CN01GnC8I51wzBACMBdrS_!!6000000006378-0-yinhe.jpg,EILIK,1299,官方立减1000元,玩具/童车/益智/积木/模型,1,hedonic,享乐型,experiential,,play_fantasy_fun,玩乐/创造/幻想体验商品，核心价值来自趣味、沉浸和想象空间。
94,1257729,89512,指玩屋 木樱爆破手NG-MARK手雷单推牌 edc金属解压玩具指尖陀螺,https://img.alicdn.com/bao/uploaded/O1CN01R7bWBj1JuoLk5p7Jc_!!6000000001089-0-yinhe.jpg,NAYICI/南樱旗,1199,,玩具/童车/益智/积木/模型,1,hedonic,享乐型,experiential,,play_fantasy_fun,玩乐/创造/幻想体验商品，核心价值来自趣味、沉浸和想象空间。
95,26126,110046,SIDANDA140支进口匹马棉四件套法式纯白色全棉套件镂空刺绣轻奢,https://img.alicdn.com/bao/uploaded/O1CN01IkhuFM1lTbwY90awT_!!6000000004820-0-yinhe.jpg,SIDANDA,2464,官方8.5折,床上用品,1,hedonic,享乐型,experiential,,beauty_music_comfort,美妆/音乐/舒适感官体验商品，主要提供气味、色彩、触感、听觉或审美愉悦。
96,75892,null,Hugo Boss进口春夏全棉贡缎ins风优雅花卉轻奢四件套WILD PEONIES,https://img.alicdn.com/bao/uploaded/O1CN01d7gxYq1c1pMXkCnD8_!!6000000003541-2-yinhe.png,Hugo Boss,2209.34,1件6.6折,床上用品,1,hedonic,享乐型,experiential,,beauty_music_comfort,美妆/音乐/舒适感官体验商品，主要提供气味、色彩、触感、听觉或审美愉悦。
97,1234815,104460,LOVO乐蜗家纺全棉纯棉高级四件套长绒棉床笠床品,https://img.alicdn.com/bao/uploaded/O1CN01cso9ms1EBrC2WNY8x_!!6000000000314-0-yinhe.jpg,LOVO/乐蜗,2098,,床上用品,1,hedonic,享乐型,experiential,,beauty_music_comfort,美妆/音乐/舒适感官体验商品，主要提供气味、色彩、触感、听觉或审美愉悦。
98,106133,null,【618即刻抢购】阿玛尼王牌星品礼盒口红香水气垫彩妆礼盒送女友,https://img.alicdn.com/bao/uploaded/O1CN01AsKjvV1JHsbajeih9_!!6000000001004-2-yinhe.png,GIORGIO ARMANI/阿玛尼,2015,,彩妆/香水/美妆工具,1,hedonic,享乐型,experiential,,beauty_music_comfort,美妆/音乐/舒适感官体验商品，主要提供气味、色彩、触感、听觉或审美愉悦。
99,97671,null,【618狂欢节】BYREDO柏芮朵 无人之境精选组合 香水/护手霜 80ml,https://img.alicdn.com/bao/uploaded/O1CN01k76PdU1jhELA5joaI_!!6000000004579-0-yinhe.jpg,BYREDO/柏芮朵,1980,,彩妆/香水/美妆工具,1,hedonic,享乐型,experiential,,beauty_music_comfort,美妆/音乐/舒适感官体验商品，主要提供气味、色彩、触感、听觉或审美愉悦。
100,108398,null,【618抢购】CL路铂廷双支装口红礼盒萝卜丁权杖唇膏套装 生日礼物,https://img.alicdn.com/bao/uploaded/O1CN01ljh1iw1ahO9p6kLGB_!!6000000003361-2-yinhe.png,Christian Louboutin/路铂廷,1870,,彩妆/香水/美妆工具,1,hedonic,享乐型,experiential,,beauty_music_comfort,美妆/音乐/舒适感官体验商品，主要提供气味、色彩、触感、听觉或审美愉悦。
101,48100,null,九号Ninebot电动滑板车E2Pro高配成人通勤代步轻便可折叠两轮车,https://img.alicdn.com/bao/uploaded/O1CN01UaqKrg1etzaS0NQOV_!!6000000003930-0-yinhe.jpg,Ninebot,1899,1件减1000元,电动车/配件/交通工具,1,symbolic_group_identity,群体符号型,symbolic,混合：符号性最强，同时可能带实用功能或享乐体验。,canonical_symbolic_group_identity,商品能直接标记某一生活方式、圈层或粉丝/玩家群体。
102,1562849,102386,迪卡侬ST520山地自行车男女款成人变速学生12-18岁单车轻便车OVMC,https://img.alicdn.com/bao/uploaded/O1CN017eQRgo1uS5GTxVwv6_!!6000000006035-0-yinhe.jpg,Decathlon/迪卡侬,2149.9,满600减50,自行车/骑行装备/零配件,1,symbolic_group_identity,群体符号型,symbolic,混合：符号性最强，同时可能带实用功能或享乐体验。,canonical_symbolic_group_identity,商品能直接标记某一生活方式、圈层或粉丝/玩家群体。
103,323020,"689,512",HEAD海德男女双板滑雪板新手初级入门全地域V2,https://img.alicdn.com/bao/uploaded/O1CN01ydfJHu1iDB1lOFwZM_!!6000000004378-0-yinhe.jpg,HEAD/海德,3130,官方8.5折,户外/登山/野营/旅行用品,1,symbolic_group_identity,群体符号型,symbolic,混合：符号性最强，同时可能带实用功能或享乐体验。,canonical_symbolic_group_identity,商品能直接标记某一生活方式、圈层或粉丝/玩家群体。
104,1544158,80548,漫步者G3头戴式耳机电竞游戏专用电脑耳麦有线带麦吃鸡听声辩位,https://img.alicdn.com/bao/uploaded/O1CN01zFzJ1P1lANKLx7rbg_!!6000000004778-0-yinhe.jpg,Edifier/漫步者,194,满99减5,影音电器,1,symbolic_group_identity,群体符号型,symbolic,混合：符号性最强，同时可能带实用功能或享乐体验。,canonical_symbolic_group_identity,商品能直接标记某一生活方式、圈层或粉丝/玩家群体。
105,1547651,104460,野兽王国英雄联盟LOL拉克丝玉兔青花瓷雕像摆件手办游戏周边,https://img.alicdn.com/bao/uploaded/i4/725677994/O1CN01O9Cns928vJ4zUVOs9_!!2-item_pic.png,BEAST KINGDOM/野兽王国,3499,,模玩/动漫/周边/娃圈三坑/桌游,1,symbolic_group_identity,群体符号型,symbolic,混合：符号性最强，同时可能带实用功能或享乐体验。,canonical_symbolic_group_identity,商品能直接标记某一生活方式、圈层或粉丝/玩家群体。
106,110086,null,【新品】Rapha Pro Team Roadsuit男款竞赛EF车队连体气动骑行服,https://img.alicdn.com/bao/uploaded/O1CN01ZxbTxt2ALFEeQORdn_!!6000000008186-0-yinhe.jpg,rapha（服装）,3500,,自行车/骑行装备/零配件,1,symbolic_group_identity,群体符号型,symbolic,偏实用：同时承担通勤或运动功能，但强烈指向城市轻出行/骑行圈层。,mobility_cycling_identity,城市轻出行/骑行商品，能直接标记通勤、骑行或轻运动生活方式群体。
107,110078,null,Rapha Explore男款休闲连帽保暖羽绒服运动骑行外套骑行服官方,https://img.alicdn.com/bao/uploaded/O1CN01OAxeWw1wj9D9eA9lh_!!6000000006343-0-yinhe.jpg,rapha（服装）,3000,,自行车/骑行装备/零配件,1,symbolic_group_identity,群体符号型,symbolic,偏实用：同时承担通勤或运动功能，但强烈指向城市轻出行/骑行圈层。,mobility_cycling_identity,城市轻出行/骑行商品，能直接标记通勤、骑行或轻运动生活方式群体。
108,63088,null,Q36.5骑行服短袖男款连体服夏季Road Skinsuit Dottore Clima,https://img.alicdn.com/bao/uploaded/O1CN01nfei9b1LSzRKDogel_!!6000000001299-0-yinhe.jpg,Q36.5,2939.04,,自行车/骑行装备/零配件,1,symbolic_group_identity,群体符号型,symbolic,偏实用：同时承担通勤或运动功能，但强烈指向城市轻出行/骑行圈层。,mobility_cycling_identity,城市轻出行/骑行商品，能直接标记通勤、骑行或轻运动生活方式群体。
109,13687,110046,迪卡侬RC120 碟刹铝架碳纤维前叉公路自行车男女通勤骑行OVB1,https://img.alicdn.com/bao/uploaded/O1CN015iJAN81rexWIUc9hg_!!6000000005657-0-yinhe.jpg,Decathlon/迪卡侬,2439.9,满600减60,自行车/骑行装备/零配件,1,symbolic_group_identity,群体符号型,symbolic,偏实用：同时承担通勤或运动功能，但强烈指向城市轻出行/骑行圈层。,mobility_cycling_identity,城市轻出行/骑行商品，能直接标记通勤、骑行或轻运动生活方式群体。
110,76774,6,迪卡侬RIVERSIDE500公路旅行休闲通勤代步城市自行车复古单车OVB1,https://img.alicdn.com/bao/uploaded/O1CN01rphWZz1hwgaUaYShm_!!6000000004342-0-yinhe.jpg,Decathlon/迪卡侬,1999.9,,自行车/骑行装备/零配件,1,symbolic_group_identity,群体符号型,symbolic,偏实用：同时承担通勤或运动功能，但强烈指向城市轻出行/骑行圈层。,mobility_cycling_identity,城市轻出行/骑行商品，能直接标记通勤、骑行或轻运动生活方式群体。
111,101721,null,ROSSIGNOL金鸡女士道内竞技双板滑雪板SIGNATURE VICTOIRE 25新品,https://img.alicdn.com/bao/uploaded/O1CN010pS1Hf1uWfDWpYV13_!!6000000006045-0-yinhe.jpg,ROSSIGNOL/金鸡,7000,1件8.5折,户外/登山/野营/旅行用品,1,symbolic_group_identity,群体符号型,symbolic,偏实用：有户外运动功能，同时强烈指向滑雪/登山/露营圈层。,outdoor_ski_identity,滑雪、登山、徒步或露营商品，能标记户外运动和特定生活方式身份。
112,4447,89512,FACTION Prodigy 22425新款天才2自由式全地形双板通用滑雪板黑色,https://img.alicdn.com/bao/uploaded/O1CN01P75VCu1wslYpdeT8S_!!6000000006364-0-yinhe.jpg,FACTION,6997.6,1件9.5折,户外/登山/野营/旅行用品,1,symbolic_group_identity,群体符号型,symbolic,偏实用：有户外运动功能，同时强烈指向滑雪/登山/露营圈层。,outdoor_ski_identity,滑雪、登山、徒步或露营商品，能标记户外运动和特定生活方式身份。
113,4360,89512,Faction Dancer 3 2425新款舞者全地形男女浅绿色橙色双板滑雪板,https://img.alicdn.com/bao/uploaded/O1CN01S2W3WL1PfaqkmopFb_!!6000000001868-0-yinhe.jpg,FACTION,6290.2,1件9折,户外/登山/野营/旅行用品,1,symbolic_group_identity,群体符号型,symbolic,偏实用：有户外运动功能，同时强烈指向滑雪/登山/露营圈层。,outdoor_ski_identity,滑雪、登山、徒步或露营商品，能标记户外运动和特定生活方式身份。
114,1396777,89512,42滑雪新款SALOMON萨洛蒙双板滑雪板雪道滑行成人双板滑雪装备,https://img.alicdn.com/bao/uploaded/i1/2944135471/O1CN016KrC8D1qHllMtw5xv_!!2-item_pic.png,S SALOMON,5998,,户外/登山/野营/旅行用品,1,symbolic_group_identity,群体符号型,symbolic,偏实用：有户外运动功能，同时强烈指向滑雪/登山/露营圈层。,outdoor_ski_identity,滑雪、登山、徒步或露营商品，能标记户外运动和特定生活方式身份。
115,59153,null,ATOMIC阿托米克滑雪双板2425新品进阶大小回转滑雪板REDSTER X9,https://img.alicdn.com/bao/uploaded/O1CN01YJb4NP1s9e4oDE84l_!!6000000005724-0-yinhe.jpg,ATOMIC,5758.5,1件7.5折,户外/登山/野营/旅行用品,1,symbolic_group_identity,群体符号型,symbolic,偏实用：有户外运动功能，同时强烈指向滑雪/登山/露营圈层。,outdoor_ski_identity,滑雪、登山、徒步或露营商品，能标记户外运动和特定生活方式身份。
116,751112,6,ECCO爱步运动鞋男 百搭免系带健身鞋 健步BIOM2.2 830864,https://img.alicdn.com/bao/uploaded/O1CN01rLGnmD1ZrB38NFgTv_!!6000000003247-0-yinhe.jpg,Ecco/爱步,2349,1件减250元,流行男鞋,1,symbolic_group_identity,群体符号型,symbolic,偏实用：具有运动功能，同时呈现跑者、球类玩家、瑜伽/健身人群等身份。,sports_fitness_identity,运动专项商品，能让消费者被识别为跑步、球类、瑜伽或健身群体成员。
117,14314,110046,Nike耐克官方ALPHAFLY 3男子公路竞速专业跑步鞋夏季马拉松FD8311,https://img.alicdn.com/bao/uploaded/O1CN01KdgooS1Zn3PNztvNM_!!6000000003238-0-yinhe.jpg,Nike/耐克,2299,,运动鞋new,1,symbolic_group_identity,群体符号型,symbolic,偏实用：具有运动功能，同时呈现跑者、球类玩家、瑜伽/健身人群等身份。,sports_fitness_identity,运动专项商品，能让消费者被识别为跑步、球类、瑜伽或健身群体成员。
118,1545129,102386,Saucony索康尼啡翼2丨ENDORPHIN ELITE 2旗舰马拉松竞速碳板跑鞋,https://img.alicdn.com/bao/uploaded/O1CN01MP3T9m1b8PbplzAwo_!!6000000003420-0-yinhe.jpg,saucony/索康尼,2090,,运动鞋new,1,symbolic_group_identity,群体符号型,symbolic,偏实用：具有运动功能，同时呈现跑者、球类玩家、瑜伽/健身人群等身份。,sports_fitness_identity,运动专项商品，能让消费者被识别为跑步、球类、瑜伽或健身群体成员。
119,110452,null,ECCO爱步运动鞋男夏25年新款耐磨跑步鞋健步BIOM INFINITE 825654,https://img.alicdn.com/bao/uploaded/O1CN01GxPdyS1ZQ9hPmUmLK_!!6000000003188-0-yinhe.jpg,Ecco/爱步,2089,1件减480元,流行男鞋,1,symbolic_group_identity,群体符号型,symbolic,偏实用：具有运动功能，同时呈现跑者、球类玩家、瑜伽/健身人群等身份。,sports_fitness_identity,运动专项商品，能让消费者被识别为跑步、球类、瑜伽或健身群体成员。
120,73843,null,【NASA联名】Reebok锐步官方24年新品男女BB-4K2运动篮球鞋,https://img.alicdn.com/bao/uploaded/O1CN01ykXojH1cOjKNDV1t4_!!6000000003591-0-yinhe.jpg,Reebok/锐步,1499,,运动鞋new,1,symbolic_group_identity,群体符号型,symbolic,偏实用：具有运动功能，同时呈现跑者、球类玩家、瑜伽/健身人群等身份。,sports_fitness_identity,运动专项商品，能让消费者被识别为跑步、球类、瑜伽或健身群体成员。
121,102789,null,MIZUNO美津浓25新款春夏机能预言凉鞋跑步鞋WAVE PROPHECY STRAP,https://img.alicdn.com/bao/uploaded/O1CN015OXibM1JaewMvoow7_!!6000000001045-0-yinhe.jpg,Mizuno/美津浓,1398,,运动鞋new,1,symbolic_group_identity,群体符号型,symbolic,偏实用：具有运动功能，同时呈现跑者、球类玩家、瑜伽/健身人群等身份。,sports_fitness_identity,运动专项商品，能让消费者被识别为跑步、球类、瑜伽或健身群体成员。
122,14145,110046,Saucony索康尼啡鹏4丨ENDORPHIN PRO 4马拉松竞速训练运动男跑鞋,https://img.alicdn.com/bao/uploaded/O1CN01PSdHZh1bNWcTLzDoz_!!6000000003453-0-yinhe.jpg,saucony/索康尼,1359,,运动鞋new,1,symbolic_group_identity,群体符号型,symbolic,偏实用：具有运动功能，同时呈现跑者、球类玩家、瑜伽/健身人群等身份。,sports_fitness_identity,运动专项商品，能让消费者被识别为跑步、球类、瑜伽或健身群体成员。
123,1547028,102386,德国-Bauerfeind/保而防LumboTrain全新升级健身网球运动护腰带,https://img.alicdn.com/bao/uploaded/O1CN01wEy7gm1R1rhCuvysX_!!6000000002052-0-yinhe.jpg,Bauerfeind/保而防,1231,官方8.8折,运动/瑜伽/健身/球迷用品,1,symbolic_group_identity,群体符号型,symbolic,偏实用：具有运动功能，同时呈现跑者、球类玩家、瑜伽/健身人群等身份。,sports_fitness_identity,运动专项商品，能让消费者被识别为跑步、球类、瑜伽或健身群体成员。
124,31765,110046,DESCENTE迪桑特TRAINING系列综训训练运动健身男士凉感运动长裤,https://img.alicdn.com/bao/uploaded/O1CN01Yea80A1j4Iy3Pj8ry_!!6000000004494-0-yinhe.jpg,DESCENTE/迪桑特,1190,,运动服/休闲服装,1,symbolic_group_identity,群体符号型,symbolic,偏实用：具有运动功能，同时呈现跑者、球类玩家、瑜伽/健身人群等身份。,sports_fitness_identity,运动专项商品，能让消费者被识别为跑步、球类、瑜伽或健身群体成员。
125,1564146,102386,德国-Bauerfeind/保而防-S护膝篮球健身足球滑雪跑步运动专业护具,https://img.alicdn.com/bao/uploaded/bao/upload/O1CN010Q0Tnt29wxuJE56uI_!!6000000008133-2-yinhe.png,Bauerfeind/保而防,1165,满300减30,运动/瑜伽/健身/球迷用品,1,symbolic_group_identity,群体符号型,symbolic,偏实用：具有运动功能，同时呈现跑者、球类玩家、瑜伽/健身人群等身份。,sports_fitness_identity,运动专项商品，能让消费者被识别为跑步、球类、瑜伽或健身群体成员。
126,62477,null,Razer雷蛇宝可梦耿鬼联名鼠标键盘鼠标垫耳机游戏外设全家桶礼物,https://img.alicdn.com/bao/uploaded/O1CN01HH8pj61GQdN9zYbQd_!!6000000000617-0-yinhe.jpg,Razer/雷蛇,3699,官方8.5折,电脑硬件/显示器/电脑周边,1,symbolic_group_identity,群体符号型,symbolic,偏享乐：以娱乐、收藏、粉丝文化或游戏体验为主，同时有鲜明圈层符号。,gaming_anime_fandom_identity,游戏/动漫/潮玩商品，直接指向电竞玩家、二次元、收藏或粉丝社群。
127,65169,6,【自营】Nintendo任天堂游戏机Switch单机红蓝/白色手柄OLED掌机,https://img.alicdn.com/bao/uploaded/O1CN011vCYhR1r8RInVAPjn_!!6000000005586-0-yinhe.jpg,Nintendo/任天堂,1938,每件直降662元,电玩/配件/游戏/攻略,1,symbolic_group_identity,群体符号型,symbolic,偏享乐：以娱乐、收藏、粉丝文化或游戏体验为主，同时有鲜明圈层符号。,gaming_anime_fandom_identity,游戏/动漫/潮玩商品，直接指向电竞玩家、二次元、收藏或粉丝社群。
128,1554293,104460,【部分地区国补15%】港版任天堂Switch OLED 掌上游戏机 NS主机,https://img.alicdn.com/bao/uploaded/O1CN01rhIc891h2LpQfBet0_!!6000000004219-0-yinhe.jpg,NINTENDO SWITCH,1869,,电玩/配件/游戏/攻略,1,symbolic_group_identity,群体符号型,symbolic,偏享乐：以娱乐、收藏、粉丝文化或游戏体验为主，同时有鲜明圈层符号。,gaming_anime_fandom_identity,游戏/动漫/潮玩商品，直接指向电竞玩家、二次元、收藏或粉丝社群。
129,60403,null,ROG夜魔Extreme机械键盘三模75配列热插拔客制化8K回报率,https://img.alicdn.com/bao/uploaded/O1CN0152KG2s1d1CWA1Y6e3_!!6000000003675-0-yinhe.jpg,ROG/玩家国度,1779,满200减20,电脑硬件/显示器/电脑周边,1,symbolic_group_identity,群体符号型,symbolic,偏享乐：以娱乐、收藏、粉丝文化或游戏体验为主，同时有鲜明圈层符号。,gaming_anime_fandom_identity,游戏/动漫/潮玩商品，直接指向电竞玩家、二次元、收藏或粉丝社群。
130,65633,null,Asus/华硕24.5英寸XG259CMS电脑ROG显示屏游戏IPS屏幕显示器310HZ,https://img.alicdn.com/bao/uploaded/O1CN01ekyxNt25hcTD5dmPQ_!!6000000007558-2-yinhe.png,Asus/华硕,1699,,电脑硬件/显示器/电脑周边,1,symbolic_group_identity,群体符号型,symbolic,偏享乐：以娱乐、收藏、粉丝文化或游戏体验为主，同时有鲜明圈层符号。,gaming_anime_fandom_identity,游戏/动漫/潮玩商品，直接指向电竞玩家、二次元、收藏或粉丝社群。
131,13680,110046,【政府补贴至高15%】ROG棱镜2白色三模无线头戴式游戏耳机7.1华硕,https://img.alicdn.com/bao/uploaded/O1CN01VBIb9r1yzksvelnwG_!!6000000006650-0-yinhe.jpg,Asus/华硕,1279,满200减20,影音电器,1,symbolic_group_identity,群体符号型,symbolic,偏享乐：以娱乐、收藏、粉丝文化或游戏体验为主，同时有鲜明圈层符号。,gaming_anime_fandom_identity,游戏/动漫/潮玩商品，直接指向电竞玩家、二次元、收藏或粉丝社群。
132,1243791,89512,【APEX/碧蓝航线】定安 红红火火度勤春Ver.1/7手办周边 官方现货,https://img.alicdn.com/bao/uploaded/O1CN01GGVoyb1oKrGUOoOeM_!!6000000005207-2-yinhe.png,APEX INNOVATION,799,,模玩/动漫/周边/娃圈三坑/桌游,1,symbolic_group_identity,群体符号型,symbolic,偏享乐：以娱乐、收藏、粉丝文化或游戏体验为主，同时有鲜明圈层符号。,gaming_anime_fandom_identity,游戏/动漫/潮玩商品，直接指向电竞玩家、二次元、收藏或粉丝社群。
133,1235063,104460,Razer雷蛇北海巨妖萌猫版V2粉晶头戴式有线耳机女生礼物,https://img.alicdn.com/bao/uploaded/O1CN01rRSwHg1voLtIH1Kpd_!!6000000006219-0-yinhe.jpg,Razer/雷蛇,631,,影音电器,1,symbolic_group_identity,群体符号型,symbolic,偏享乐：以娱乐、收藏、粉丝文化或游戏体验为主，同时有鲜明圈层符号。,gaming_anime_fandom_identity,游戏/动漫/潮玩商品，直接指向电竞玩家、二次元、收藏或粉丝社群。
134,65371,null,【王一博同款】漫步者LolliClip限定色薄荷绿蓝牙耳机耳夹式运动,https://img.alicdn.com/bao/uploaded/O1CN013J19Nn1oEuA9JX1oi_!!6000000005194-0-yinhe.jpg,Edifier/漫步者,559,1件减140元,影音电器,1,symbolic_group_identity,群体符号型,symbolic,偏享乐：以娱乐、收藏、粉丝文化或游戏体验为主，同时有鲜明圈层符号。,gaming_anime_fandom_identity,游戏/动漫/潮玩商品，直接指向电竞玩家、二次元、收藏或粉丝社群。
135,28300,"6,110,046",【抢先购】北通鲲鹏40极光蓝星闪手柄智能游戏手柄pc电脑版switch无线怪物猎人蓝牙ns平板手机steam双影奇境,https://img.alicdn.com/bao/uploaded/O1CN01wQMDMa1aRMMOz3TRw_!!6000000003326-0-yinhe.jpg,BETOP/北通,279,满409减30,电玩/配件/游戏/攻略,1,symbolic_group_identity,群体符号型,symbolic,偏享乐：以娱乐、收藏、粉丝文化或游戏体验为主，同时有鲜明圈层符号。,gaming_anime_fandom_identity,游戏/动漫/潮玩商品，直接指向电竞玩家、二次元、收藏或粉丝社群。
136,1558437,102386,Chopard萧邦运动日历显示黑色表带机械腕表运动男表礼物,https://img.alicdn.com/bao/uploaded/O1CN01N0oKn21MnQUcblN9l_!!6000000001479-0-yinhe.jpg,Chopard/萧邦,58000,,手表,1,symbolic_group_identity,群体符号型,symbolic,偏享乐：审美和拥有体验强，但更突出身份、品位、阶层或风格信号。,fashion_luxury_status_identity,时尚/奢侈/珠宝腕表类商品，适合表达身份、品位、角色或生活方式。
137,1563056,102386,张凌赫同款天猫限定限量Chopard萧邦快乐钻石绿进斗金机械手表女,https://img.alicdn.com/bao/uploaded/O1CN01M6xNq622hDLEUniQi_!!6000000007151-0-yinhe.jpg,Chopard/萧邦,58000,,手表,1,symbolic_group_identity,群体符号型,symbolic,偏享乐：审美和拥有体验强，但更突出身份、品位、阶层或风格信号。,fashion_luxury_status_identity,时尚/奢侈/珠宝腕表类商品，适合表达身份、品位、角色或生活方式。
138,27101,110046,【新品上市】百年灵航空计时双时区自动机械男女款41冰蓝瑞士手表,https://img.alicdn.com/bao/uploaded/O1CN01nrt6nI1a1i4ygscq6_!!6000000003270-0-yinhe.jpg,Breitling/百年灵,43550,满20000减50,手表,1,symbolic_group_identity,群体符号型,symbolic,偏享乐：审美和拥有体验强，但更突出身份、品位、阶层或风格信号。,fashion_luxury_status_identity,时尚/奢侈/珠宝腕表类商品，适合表达身份、品位、角色或生活方式。
139,1562034,102386,JIL SANDER 秋冬女士 山羊绒衬衫夹克外套,https://img.alicdn.com/bao/uploaded/O1CN01NqTpTo1K4t3TMaMTq_!!6000000001111-0-yinhe.jpg,Jil Sander,36100,,女装/女士精品,1,symbolic_group_identity,群体符号型,symbolic,偏享乐：审美和拥有体验强，但更突出身份、品位、阶层或风格信号。,fashion_luxury_status_identity,时尚/奢侈/珠宝腕表类商品，适合表达身份、品位、角色或生活方式。
140,1557450,102386,【12期免息】FERRAGAMO菲拉格慕女Hug Soft羽毛斜挎包抱抱包小号,https://img.alicdn.com/bao/uploaded/O1CN015vzi6O1rgn9llczsJ_!!6000000005661-0-yinhe.jpg,FERRAGAMO/菲拉格慕,28500,,箱包皮具/热销女包/男包,1,symbolic_group_identity,群体符号型,symbolic,偏享乐：审美和拥有体验强，但更突出身份、品位、阶层或风格信号。,fashion_luxury_status_identity,时尚/奢侈/珠宝腕表类商品，适合表达身份、品位、角色或生活方式。
141,1560578,102386,【早秋新品】JIL SANDER 2025新品 女士 绵羊毛大衣外套,https://img.alicdn.com/bao/uploaded/O1CN01gXdwx71eLduHYFv1C_!!6000000003855-0-yinhe.jpg,Jil Sander,28100,,女装/女士精品,1,symbolic_group_identity,群体符号型,symbolic,偏享乐：审美和拥有体验强，但更突出身份、品位、阶层或风格信号。,fashion_luxury_status_identity,时尚/奢侈/珠宝腕表类商品，适合表达身份、品位、角色或生活方式。
142,1557657,102386,【高圆圆同款】FERRAGAMO菲拉格慕女Hug Soft单肩包抱抱包(大号),https://img.alicdn.com/bao/uploaded/O1CN01P82gP329lykqcGA05_!!6000000008109-0-yinhe.jpg,FERRAGAMO/菲拉格慕,26500,,箱包皮具/热销女包/男包,1,symbolic_group_identity,群体符号型,symbolic,偏享乐：审美和拥有体验强，但更突出身份、品位、阶层或风格信号。,fashion_luxury_status_identity,时尚/奢侈/珠宝腕表类商品，适合表达身份、品位、角色或生活方式。
143,1557440,102386,【肖战同款】TOD'S官方正品2025秋冬新品男女士DI BAG FOLIO手袋,https://img.alicdn.com/bao/uploaded/O1CN01cXu0b21zY6bXTExYw_!!6000000006725-0-yinhe.jpg,Tod’s,16600,,箱包皮具/热销女包/男包,1,symbolic_group_identity,群体符号型,symbolic,偏享乐：审美和拥有体验强，但更突出身份、品位、阶层或风格信号。,fashion_luxury_status_identity,时尚/奢侈/珠宝腕表类商品，适合表达身份、品位、角色或生活方式。
144,337311,"6,102,386",[经典款]JIMMY CHOO/SAEDA 100 女士水晶链饰露跟高跟鞋婚鞋JC,https://img.alicdn.com/bao/uploaded/O1CN01c3YmQA1cA4TRcArYW_!!6000000003559-2-yinhe.png,Jimmy Choo,16400,,女鞋,1,symbolic_group_identity,群体符号型,symbolic,偏享乐：审美和拥有体验强，但更突出身份、品位、阶层或风格信号。,fashion_luxury_status_identity,时尚/奢侈/珠宝腕表类商品，适合表达身份、品位、角色或生活方式。
145,1550291,102386,[礼物]JIMMY CHOO/TABATHA 95 女士银色金属感皮革滴跟凉鞋JC,https://img.alicdn.com/bao/uploaded/i4/2208772192567/O1CN01ZrIZpr1UpjfcxZHAJ_!!2-item_pic.png,Jimmy Choo,13600,,女鞋,1,symbolic_group_identity,群体符号型,symbolic,偏享乐：审美和拥有体验强，但更突出身份、品位、阶层或风格信号。,fashion_luxury_status_identity,时尚/奢侈/珠宝腕表类商品，适合表达身份、品位、角色或生活方式。
146,13915,110046,【政府补贴15%】大疆 DJI Mavic 3 Pro 御3三摄旗舰航拍机  超稳图传高清专业大师版航拍器 大疆无人机,https://img.alicdn.com/bao/uploaded/O1CN01zhxyaX24mpOGm3qmS_!!6000000007434-0-yinhe.jpg,DJI/大疆,15919,,智能设备,1,symbolic_group_identity,群体符号型,symbolic,混合：有创作/演奏/拍摄功能，也能标记创作者、摄影爱好者或音乐人身份。,creator_musician_identity,创作/音乐/摄影相关商品，既有实用功能，也能清晰标记创作者或音乐人身份。
147,26328,110046,大疆 DJI Mavic 3 Pro 御3三摄旗舰航拍机 DJI Mavic 3 Pro Cine 高清专业大师版航拍器 大疆无人机,https://img.alicdn.com/bao/uploaded/O1CN01sMwK441ZlDtTjUIwv_!!6000000003234-0-yinhe.jpg,DJI/大疆,15919,,智能设备,1,symbolic_group_identity,群体符号型,symbolic,混合：有创作/演奏/拍摄功能，也能标记创作者、摄影爱好者或音乐人身份。,creator_musician_identity,创作/音乐/摄影相关商品，既有实用功能，也能清晰标记创作者或音乐人身份。
148,65255,null,【国补专享多地可用】Sony/索尼 Alpha7 IV A7M4全画幅微单相机,https://img.alicdn.com/bao/uploaded/O1CN01SknnvJ23wcF63I3QH_!!6000000007320-0-yinhe.jpg,Sony/索尼,15047,,数码相机/单反相机/摄像机,1,symbolic_group_identity,群体符号型,symbolic,混合：有创作/演奏/拍摄功能，也能标记创作者、摄影爱好者或音乐人身份。,creator_musician_identity,创作/音乐/摄影相关商品，既有实用功能，也能清晰标记创作者或音乐人身份。
149,1561983,102386,Sony/索尼 Alpha 7 IV A7M4全画幅微单相机 7M4 国行索尼相机,https://img.alicdn.com/bao/uploaded/O1CN01oZSZid23m4sYsWcbG_!!6000000007297-0-yinhe.jpg,Sony/索尼,14899,,数码相机/单反相机/摄像机,1,symbolic_group_identity,群体符号型,symbolic,混合：有创作/演奏/拍摄功能，也能标记创作者、摄影爱好者或音乐人身份。,creator_musician_identity,创作/音乐/摄影相关商品，既有实用功能，也能清晰标记创作者或音乐人身份。
150,57545,null,Fender 芬德  American Professional美专二代Strat电吉他芬达,https://img.alicdn.com/bao/uploaded/O1CN01T4jLhP1WYRwZqN1lM_!!6000000002800-0-yinhe.jpg,Fender/芬德,13855,官方8.5折,乐器/吉他/钢琴/配件,1,symbolic_group_identity,群体符号型,symbolic,混合：有创作/演奏/拍摄功能，也能标记创作者、摄影爱好者或音乐人身份。,creator_musician_identity,创作/音乐/摄影相关商品，既有实用功能，也能清晰标记创作者或音乐人身份。
